trade_date,exchange_id,rzye,rzmre,rzche,rqye,rqmcl,rzrqye
20150105,SSE,700007355731.0,102462217665.0,92759721643.0,6127222126.0,1448182019.0,706134577857.0
20150106,SSE,707391292198.0,98370829909.0,90986893442.0,5990342373.0,1251407226.0,713381634571.0
20150107,SSE,715729306750.0,81243060299.0,72905045747.0,6161617855.0,1159975687.0,721890924605.0
20150108,SSE,718485280095.0,72365046460.0,69609073115.0,5627589892.0,982279484.0,724112869987.0
20150109,SSE,726400724109.0,87327038290.0,79411594276.0,5383417787.0,1538413338.0,731784141896.0
20150112,SSE,735878164519.0,68855556662.0,59378116252.0,5080926118.0,1075613449.0,740959090637.0
20150113,SSE,740893116001.0,52882711315.0,47867759833.0,4970840174.0,1100244336.0,745863956175.0
20150114,SSE,749750725573.0,55908600370.0,47050990798.0,4832460055.0,1031836955.0,754583185628.0
20150115,SSE,762382827637.0,71147906275.0,58515804211.0,5061962503.0,1305319686.0,767444790140.0
20150116,SSE,766660200847.0,83138464387.0,78861091177.0,5019945559.0,1212010371.0,771680146406.0
20150119,SSE,752047988453.0,72756876383.0,87369088777.0,4006316935.0,1100466344.0,756054305388.0
20150120,SSE,750762421151.0,76513181618.0,77798748920.0,4089037320.0,1507143437.0,754851458471.0
20150121,SSE,754595954233.0,91163378655.0,87329845573.0,4822496958.0,1722377359.0,759418451191.0
20150122,SSE,761668956446.0,75064691111.0,67991688898.0,4785141949.0,973298500.0,766454098395.0
20150123,SSE,766038511313.0,82258662501.0,77889107634.0,4700104444.0,1307260513.0,770738615757.0
20150126,SSE,771373532853.0,67111894515.0,61776872975.0,4885928763.0,1159453953.0,776259461616.0
20150127,SSE,773837742011.0,75031235777.0,72567026619.0,4699665607.0,1220933535.0,778537407618.0
20150128,SSE,775933490835.0,63920072891.0,61824324067.0,4542722686.0,1190286348.0,780476213521.0
20150129,SSE,777561647997.0,55046202356.0,53418045194.0,4327857932.0,998013384.0,781889505929.0
20150130,SSE,773977698926.0,50312558223.0,53896507294.0,4040912993.0,914321293.0,778018611919.0
20150202,SSE,774866786825.0,47632245458.0,46743157559.0,3768751438.0,998229174.0,778635538263.0
20150203,SSE,773741930732.0,52159764433.0,53284620526.0,4125153312.0,1068524030.0,777867084044.0
20150204,SSE,774770652233.0,55998184225.0,54969462724.0,4075255266.0,1199049654.0,778845907499.0
20150205,SSE,777970437249.0,70696075163.0,67496290147.0,3951049404.0,1324122648.0,781921486653.0
20150206,SSE,779641865766.0,51350016719.0,49678588202.0,3355007223.0,1289932980.0,782996872989.0
20150209,SSE,786747284226.0,51281340753.0,44175922293.0,3292347071.0,1497271319.0,790039631297.0
20150210,SSE,797891845821.0,49940656430.0,38796094835.0,3321741382.0,1402007917.0,801213587203.0
20150211,SSE,805111175134.0,49814292794.0,42594963481.0,3376239249.0,1102904755.0,808487414383.0
20150212,SSE,804093283315.0,49061175820.0,50079067639.0,3307983650.0,982933954.0,807401266965.0
20150213,SSE,779162373527.0,52535663244.0,77466573032.0,3311066082.0,962369402.0,782473439609.0
20150216,SSE,772980408663.0,53928574063.0,60110538927.0,3238037227.0,860489122.0,776218445890.0
20150217,SSE,753461212526.0,49701309648.0,69220505785.0,3034256889.0,674412666.0,756495469415.0
20150225,SSE,770968145360.0,60092819984.0,42585887150.0,3277751249.0,819377339.0,774245896609.0
20150226,SSE,778901920692.0,70218750802.0,62284975470.0,3727497308.0,1245468190.0,782629418000.0
20150227,SSE,780843947820.0,67295472698.0,65353445570.0,3643957926.0,906278384.0,784487905746.0
20150302,SSE,792791389697.0,79111411070.0,67163969193.0,3820324241.0,1086852330.0,796611713938.0
20150303,SSE,804100125942.0,87283032063.0,75974295818.0,3658347664.0,1188200050.0,807758473606.0
20150304,SSE,811253368861.0,66225246334.0,59072003415.0,3800138283.0,1108455680.0,815053507144.0
20150305,SSE,819402239652.0,70255155893.0,62106285102.0,3596427868.0,1277060227.0,822998667520.0
20150306,SSE,824379989028.0,61530416037.0,56552666661.0,3441280015.0,1400398864.0,827821269043.0
20150309,SSE,834878753182.0,70291104924.0,59792340770.0,3353984453.0,1878488806.0,838232737635.0
20150310,SSE,848537789505.0,68915727800.0,55256691477.0,3099078967.0,1633891332.0,851636868472.0
20150311,SSE,864004113742.0,65924942057.0,50458617820.0,2927592012.0,1480830901.0,866931705754.0
20150312,SSE,878075844620.0,85412099181.0,71340368303.0,3182040688.0,1862531473.0,881257885308.0
20150313,SSE,880611781488.0,76456008406.0,73920071538.0,3193989076.0,1428684781.0,883805770564.0
20150316,SSE,874850559115.0,93488482835.0,99249705208.0,3535076305.0,1466225810.0,878385635420.0
20150317,SSE,881882625541.0,118453665965.0,111421599539.0,3731158044.0,1950507069.0,885613783585.0
20150318,SSE,896108504027.0,123253353097.0,109027474611.0,4223177943.0,2044008241.0,900331681970.0
20150319,SSE,911756727783.0,119422295098.0,103774071342.0,4136003055.0,1602861352.0,915892730838.0
20150320,SSE,927002173004.0,133491591365.0,118246146144.0,4317418963.0,1858440114.0,931319591967.0
20150323,SSE,935961490802.0,122350894415.0,113391576617.0,4789023959.0,1690085064.0,940750514761.0
20150324,SSE,948928112150.0,145585328346.0,132618706998.0,4619080288.0,1829457216.0,953547192438.0
20150325,SSE,960086790787.0,115371500560.0,104212821923.0,4643215819.0,1524507026.0,964730006606.0
20150326,SSE,971529344684.0,117308029200.0,105865475303.0,4759646631.0,1763608907.0,976288991315.0
20150327,SSE,974695451811.0,94331337806.0,91165230679.0,4882309085.0,1661692649.0,979577760896.0
20150330,SSE,987305162447.0,128248977117.0,115639266481.0,5489035498.0,2127987302.0,992794197945.0
20150331,SSE,992114591127.0,116775077460.0,111965648780.0,5408130188.0,1326090630.0,997522721315.0
20150401,SSE,1007500876332.0,112637594862.0,97251309657.0,5579432794.0,1729479501.0,1013080309126.0
20150402,SSE,1019832320645.0,122445942102.0,110114497789.0,5605667753.0,1548304018.0,1025437988398.0
20150403,SSE,1028339497560.0,121745692024.0,113238515109.0,5639393066.0,1685019881.0,1033978890626.0
20150407,SSE,1049019510305.0,135205459177.0,114525446432.0,6052607373.0,1812376621.0,1055072117678.0
20150408,SSE,1063907515309.0,146795417745.0,131907412741.0,6090844298.0,1811107279.0,1069998359607.0
20150409,SSE,1080032082669.0,151266260607.0,135141693247.0,7459280657.0,1839296323.0,1087491363326.0
20150410,SSE,1093646777627.0,120171575492.0,106556880534.0,6013790547.0,1903813388.0,1099660568174.0
20150413,SSE,1112644681454.0,125462079457.0,106464175630.0,6012263982.0,1717712021.0,1118656945436.0
20150414,SSE,1132444514795.0,135681414792.0,115881581451.0,5734278801.0,2105259947.0,1138178793596.0
20150415,SSE,1146127306376.0,127637503244.0,113954711663.0,5760511452.0,2243634120.0,1151887817828.0
20150416,SSE,1157182044282.0,112006268973.0,100951531067.0,5973347250.0,2203963301.0,1163155391532.0
20150417,SSE,1149157713135.0,129211438621.0,137235769768.0,6041055352.0,1380227173.0,1155198768487.0
20150420,SSE,1143069525623.0,165794251895.0,171882439407.0,5886540287.0,1954779241.0,1148956065910.0
20150421,SSE,1153574815097.0,143192898510.0,132687609036.0,5961506282.0,1946106430.0,1159536321379.0
20150422,SSE,1172665362874.0,165509139277.0,146418591500.0,6368406198.0,2106225741.0,1179033769072.0
20150423,SSE,1185643651435.0,171737823864.0,158759535303.0,6278465187.0,2013411225.0,1191922116622.0
20150424,SSE,1192302971884.0,153156908610.0,146497588161.0,5965256427.0,1641802815.0,1198268228311.0
20150427,SSE,1210543730393.0,162760454052.0,144519695543.0,6254062725.0,1970873725.0,1216797793118.0
20150428,SSE,1215607398598.0,148772163843.0,143708495638.0,6149727519.0,2090163995.0,1221757126117.0
20150429,SSE,1221406603476.0,126739953108.0,120940748230.0,6021609553.0,1887770640.0,1227428213029.0
20150430,SSE,1224334129835.0,135754031359.0,132826505000.0,5831675719.0,1749354418.0,1230165805554.0
20150504,SSE,1241303319482.0,116900666542.0,99931476895.0,5999922775.0,1694089441.0,1247303242257.0
20150505,SSE,1244231572418.0,128460864619.0,125532611683.0,4992896354.0,1724892827.0,1249224468772.0
20150506,SSE,1258820234374.0,122153633570.0,107564971614.0,4701559723.0,1579163978.0,1263521794097.0
20150507,SSE,1265872162917.0,94358842320.0,87306913777.0,4030097633.0,1586470622.0,1269902260550.0
20150508,SSE,1245786699057.0,87812628024.0,107898091884.0,4135054341.0,1669321134.0,1249921753398.0
20150511,SSE,1247505935416.0,119726264827.0,118007028468.0,4834763087.0,2141547740.0,1252340698503.0
20150512,SSE,1256607720425.0,136448970581.0,127347185572.0,5319748801.0,2148465499.0,1261927469226.0
20150513,SSE,1265406189486.0,132209749584.0,123411280523.0,5472339769.0,1836400568.0,1270878529255.0
20150514,SSE,1271467867961.0,105312775966.0,99251097491.0,5402256675.0,1732086628.0,1276870124636.0
20150515,SSE,1270378616254.0,103539242662.0,104628494369.0,4746218114.0,1692384011.0,1275124834368.0
20150518,SSE,1278951775452.0,95383811648.0,86810652450.0,4622251110.0,1578107544.0,1283574026562.0
20150519,SSE,1294245193796.0,113575243435.0,98281825091.0,4763472053.0,2008707627.0,1299008665849.0
20150520,SSE,1310006880147.0,117098266840.0,101336580489.0,4656256937.0,1687963151.0,1314663137084.0
20150521,SSE,1321176723760.0,108553228977.0,97383385364.0,4925644941.0,1303497207.0,1326102368701.0
20150522,SSE,1314567656582.0,142752614727.0,149361681905.0,5329555085.0,1773361484.0,1319897211667.0
20150525,SSE,1318998299726.0,164145678044.0,159715034900.0,6190475546.0,1748595767.0,1325188775272.0
20150526,SSE,1329561906147.0,159094373511.0,148530767090.0,6488280901.0,1505908324.0,1336050187048.0
20150527,SSE,1336990097550.0,126358447704.0,118930256301.0,6425385136.0,1230064283.0,1343415482686.0
20150528,SSE,1345459596439.0,161711190822.0,153241691933.0,5430216405.0,1479510294.0,1350889812844.0
20150529,SSE,1348287000435.0,109545698973.0,106718294977.0,4975685928.0,1535238736.0,1353262686363.0
20150601,SSE,1367127995718.0,117887770661.0,99046775378.0,5237617260.0,1888828181.0,1372365612978.0
20150602,SSE,1387882217728.0,133758105973.0,113003883963.0,5040510626.0,1787608851.0,1392922728354.0
20150603,SSE,1402927079454.0,119037456520.0,103992594794.0,4894947220.0,1550105851.0,1407822026674.0
20150604,SSE,1412300874405.0,140960563937.0,131586768986.0,4894445720.0,2091611178.0,1417195320125.0
20150605,SSE,1412610800411.0,162459513338.0,162149587332.0,5196658863.0,1397258933.0,1417807459274.0
20150608,SSE,1419155431830.0,175635531492.0,169090900073.0,6066372273.0,2153296135.0,1425221804103.0
20150609,SSE,1428637577543.0,147185167674.0,137703021961.0,5856847970.0,1866304046.0,1434494425513.0
20150610,SSE,1436953511811.0,132102202755.0,123786268487.0,5922838027.0,1776050760.0,1442876349838.0
20150611,SSE,1443868735753.0,132745195582.0,125829971640.0,6044144042.0,1564930174.0,1449912879795.0
20150612,SSE,1453579989204.0,140782088205.0,131070834754.0,6017861873.0,1829689029.0,1459597851077.0
20150615,SSE,1460771548784.0,139727644688.0,132536085108.0,5678984181.0,1683932637.0,1466450532965.0
20150616,SSE,1463951216264.0,110467806485.0,107288139005.0,5010413917.0,1376855849.0,1468961630181.0
20150617,SSE,1475103559271.0,108881795164.0,97729452157.0,4411760221.0,2174586687.0,1479515319492.0
20150618,SSE,1482910960306.0,102883459843.0,95076058808.0,4003390202.0,1732961716.0,1486914350508.0
20150619,SSE,1479299517720.0,93916444426.0,97527887012.0,3056543634.0,1576419073.0,1482356061354.0
20150623,SSE,1468845650070.0,71923409449.0,82377277099.0,3262509775.0,1354114297.0,1472108159845.0
20150624,SSE,1439971876069.0,99110730843.0,127984504844.0,3870183220.0,1833444664.0,1443842059289.0
20150625,SSE,1423248786555.0,112543339631.0,129266429145.0,4077042981.0,1904698270.0,1427325829536.0
20150626,SSE,1387049624743.0,97236522159.0,133435683971.0,3047418280.0,2085715999.0,1390097043023.0
20150629,SSE,1360422100831.0,111777711829.0,138405235741.0,2869439317.0,2590020801.0,1363291540148.0
20150630,SSE,1335503814173.0,111609532061.0,136527818719.0,2962511878.0,2611587657.0,1338466326051.0
20150701,SSE,1328818572775.0,102412410526.0,109097651924.0,3032047503.0,2191541832.0,1331850620278.0
20150702,SSE,1293827661966.0,88487618099.0,123478528908.0,2509128299.0,2453422624.0,1296336790265.0
20150703,SSE,1244976682669.0,75761353558.0,124612332855.0,1946060586.0,1195700702.0,1246922743255.0
20150706,SSE,1151409843974.0,86253165993.0,179820004688.0,1913867669.0,280953116.0,1153323711643.0
20150707,SSE,1053097367290.0,65565705505.0,163878182189.0,1858251281.0,209434967.0,1054955618571.0
20150708,SSE,940870474994.0,40122005740.0,152348898036.0,1621043791.0,126455954.0,942491518785.0
20150709,SSE,927849404820.0,85033177459.0,98054247633.0,1692753289.0,129269092.0,929542158109.0
20150710,SSE,932305971025.0,99007475226.0,94550909021.0,1763754984.0,136284948.0,934069726009.0
20150713,SSE,934271207261.0,108699727868.0,106734491632.0,1857208347.0,142599558.0,936128415608.0
20150714,SSE,936754623345.0,112517508100.0,110034092016.0,1835725241.0,156604000.0,938590348586.0
20150715,SSE,920524732197.0,87450742190.0,103680633338.0,1834758822.0,307415748.0,922359491019.0
20150716,SSE,918396130560.0,75364896359.0,77493497996.0,1774737334.0,295156145.0,920170867894.0
20150717,SSE,921338704319.0,88919851672.0,85977277913.0,1822969650.0,289434379.0,923161673969.0
20150720,SSE,921348386943.0,94950968728.0,94941286104.0,2193555412.0,430413418.0,923541942355.0
20150721,SSE,928615710814.0,95165466241.0,87898142370.0,2335036599.0,431586479.0,930950747413.0
20150722,SSE,928881478891.0,94378343848.0,94112575771.0,2361120493.0,517651117.0,931242599384.0
20150723,SSE,941369680547.0,109984949964.0,97496748308.0,2262926970.0,597044652.0,943632607517.0
20150724,SSE,940822832963.0,121558351199.0,122105198783.0,2342381838.0,802224078.0,943165214801.0
20150727,SSE,919373759165.0,91115117073.0,112564190871.0,2140343412.0,805299888.0,921514102577.0
20150728,SSE,887462793572.0,69518139535.0,101429105128.0,2041011444.0,668174860.0,889503805016.0
20150729,SSE,881733008327.0,71228735424.0,76958520669.0,2204435202.0,768767663.0,883937443529.0
20150730,SSE,881652186879.0,82706905549.0,82787726997.0,2241704283.0,697464218.0,883893891162.0
20150731,SSE,859970601967.0,50034690518.0,71716275430.0,2232410006.0,490047392.0,862203011973.0
20150803,SSE,832475432082.0,41851431424.0,69346601309.0,2491448013.0,344467544.0,834966880095.0
20150804,SSE,842108030431.0,60977446773.0,51344848424.0,2611179954.0,20185344.0,844719210385.0
20150805,SSE,842301741836.0,63096752525.0,62903041120.0,2511051535.0,8743388.0,844812793371.0
20150806,SSE,839838718760.0,46010651060.0,48473674136.0,2453501723.0,9671800.0,842292220483.0
20150807,SSE,845629259242.0,63254755083.0,57464214601.0,2148973829.0,5112403.0,847778233071.0
20150810,SSE,861223721255.0,98653015518.0,83058553505.0,2386249912.0,35050560.0,863609971167.0
20150811,SSE,870103319713.0,104695193380.0,95815594922.0,2286113685.0,16105307.0,872389433398.0
20150812,SSE,873794479627.0,84189224771.0,80498064857.0,2402549957.0,33045600.0,876197029584.0
20150813,SSE,882774372393.0,86857774356.0,77877881590.0,2351486477.0,30547700.0,885125858870.0
20150814,SSE,886085989804.0,94821464981.0,91509847570.0,2238103960.0,32101979.0,888324093764.0
20150817,SSE,894506794785.0,93341898906.0,84921093925.0,2483435259.0,55929141.0,896990230044.0
20150818,SSE,879899884284.0,99199001573.0,113805912074.0,2533802842.0,66503798.0,882433687126.0
20150819,SSE,875442817227.0,81247402297.0,85704469354.0,2367304973.0,60862980.0,877810122200.0
20150820,SSE,869228227066.0,67585656067.0,73800246228.0,2358282923.0,42621897.0,871586509989.0
20150821,SSE,848630862572.0,51673986450.0,72271350944.0,2195223661.0,44073116.0,850826086233.0
20150824,SSE,795943105071.0,38245805551.0,90933563052.0,2004816456.0,60377862.0,797947921527.0
20150825,SSE,740536035623.0,38055426386.0,93462495834.0,1871872598.0,57083825.0,742407908221.0
20150826,SSE,706522058254.0,49181259228.0,83195236597.0,1942973253.0,39309111.0,708465031507.0
20150827,SSE,685022556433.0,45681104014.0,67180605835.0,2124421074.0,68989700.0,687146977507.0
20150828,SSE,683118490904.0,59881095450.0,61785160979.0,2206833724.0,27151623.0,685325324628.0
20150831,SSE,673127713583.0,49354997209.0,59345774530.0,2312390948.0,46944193.0,675440104531.0
20150901,SSE,642834471301.0,37495050672.0,67788292954.0,2242361038.0,23722684.0,645076832339.0
20150902,SSE,606266170176.0,31013732169.0,67582033294.0,2217686789.0,18465787.0,608483856965.0
20150907,SSE,615872695111.0,42713833063.0,33107308128.0,2180453879.0,18633460.0,618053148990.0
20150908,SSE,613326503591.0,32848347074.0,35394538594.0,2294014252.0,25730004.0,615620517843.0
20150909,SSE,622302002741.0,56720402464.0,47744903314.0,2290625741.0,22264550.0,624592628482.0
20150910,SSE,619885682685.0,35958226095.0,38374546151.0,2279414099.0,24070525.0,622165096784.0
20150911,SSE,618850315756.0,32940214326.0,33975581255.0,2152125434.0,13731927.0,621002441190.0
20150914,SSE,599879253495.0,38443650467.0,57414712728.0,2148978177.0,26778906.0,602028231672.0
20150915,SSE,587114144804.0,26800136447.0,39565245138.0,2037093535.0,15951066.0,589151238339.0
20150916,SSE,588177192339.0,36654734196.0,35591686661.0,2076672895.0,15983035.0,590253865234.0
20150917,SSE,590467294488.0,45357176136.0,43067073987.0,2013711808.0,15327924.0,592481006296.0
20150918,SSE,588929671900.0,27492470550.0,29030093138.0,2025406214.0,8837480.0,590955078114.0
20150921,SSE,589611425721.0,32786118443.0,32104364622.0,2059120123.0,9537520.0,591670545844.0
20150922,SSE,590105583869.0,39312342594.0,38818184446.0,2082180629.0,9943300.0,592187764498.0
20150923,SSE,588155766896.0,31571539567.0,33521356540.0,2021242749.0,8809288.0,590177009645.0
20150924,SSE,588059276593.0,29077086812.0,29173577115.0,2052014070.0,9860961.0,590111290663.0
20150925,SSE,579163991185.0,28658919129.0,37554204537.0,2003971580.0,9271541.0,581167962765.0
20150928,SSE,578137194581.0,20771544015.0,21798340619.0,2037096084.0,12470521.0,580174290665.0
20150929,SSE,573430370272.0,19494241880.0,24201066189.0,1945833567.0,12445887.0,575376203839.0
20150930,SSE,565107689421.0,16667737149.0,24990418000.0,1870766950.0,6144567.0,566978456371.0
20151008,SSE,573423934505.0,38105508897.0,29789263813.0,2010065774.0,12684959.0,575434000279.0
20151009,SSE,573834927910.0,34773511196.0,34362517791.0,2021609337.0,14676064.0,575856537247.0
20151012,SSE,590826463139.0,66079680740.0,49088145511.0,2062409620.0,16875892.0,592888872759.0
20151013,SSE,592359492869.0,46417951657.0,44884921927.0,2051103491.0,12068699.0,594410596360.0
20151014,SSE,595465800492.0,47314578853.0,44208271230.0,2049097950.0,17526826.0,597514898442.0
20151015,SSE,600862476185.0,55174519045.0,49777843352.0,2088067241.0,18192543.0,602950543426.0
20151016,SSE,602483217134.0,67307333866.0,65686592917.0,2040780928.0,14634022.0,604523998062.0
20151019,SSE,608423367347.0,66704231174.0,60764080961.0,2061897151.0,17272456.0,610485264498.0
20151020,SSE,614565648086.0,57331561590.0,51189280851.0,2093241125.0,15975774.0,616658889211.0
20151021,SSE,609597972675.0,75043684698.0,80011360109.0,2036721856.0,21703255.0,611634694531.0
20151022,SSE,614855939334.0,56765942023.0,51507975364.0,2034048338.0,14514477.0,616889987672.0
20151023,SSE,618715633159.0,64264021721.0,60404327896.0,2046744342.0,10908942.0,620762377501.0
20151026,SSE,625445402262.0,71288228506.0,64558459403.0,2039335651.0,10104146.0,627484737913.0
20151027,SSE,628033239007.0,61805047765.0,59217211020.0,2051580154.0,10231694.0,630084819161.0
20151028,SSE,625971542441.0,51781988858.0,53843685424.0,2068703219.0,19354621.0,628040245660.0
20151029,SSE,628413061152.0,41575064417.0,39133545706.0,2016767500.0,8236652.0,630429828652.0
20151030,SSE,626861304247.0,46046145880.0,47597902785.0,1984153934.0,10749359.0,628845458181.0
20151102,SSE,624580223050.0,39182710955.0,41463792152.0,1976302866.0,17635200.0,626556525916.0
20151103,SSE,624641794601.0,32485266484.0,32423694933.0,1955303083.0,13980500.0,626597097684.0
20151104,SSE,636455607760.0,71377497141.0,59563683982.0,2047299675.0,25119007.0,638502907435.0
20151105,SSE,648756449213.0,116126616192.0,103825774739.0,2064814208.0,22044639.0,650821263421.0
20151106,SSE,657355073852.0,96065908261.0,87467283622.0,2093561252.0,21716435.0,659448635104.0
20151109,SSE,678846032704.0,114272067940.0,92781109088.0,2153097052.0,29373118.0,680999129756.0
20151110,SSE,692849446365.0,103276201336.0,89272787675.0,2130119832.0,18309865.0,694979566197.0
20151111,SSE,698588480945.0,81460138173.0,75721103593.0,2105019973.0,13686632.0,700693500918.0
20151112,SSE,704264669504.0,79386000166.0,73709811607.0,2136717070.0,20899004.0,706401386574.0
20151113,SSE,704017531196.0,76119157073.0,76366295381.0,2161492893.0,28225311.0,706179024089.0
20151116,SSE,709765973662.0,59783115668.0,54034673202.0,2178454674.0,25881903.0,711944428336.0
20151117,SSE,719146385419.0,90257897879.0,80877486122.0,2208478503.0,23878676.0,721354863922.0
20151118,SSE,718128393345.0,61645301015.0,62663293089.0,2182866762.0,26764655.0,720311260107.0
20151119,SSE,723677944809.0,53377151926.0,47827600462.0,2155202427.0,14272579.0,725833147236.0
20151120,SSE,727483864902.0,67868870592.0,64062950499.0,2178878860.0,22640171.0,729662743762.0
20151123,SSE,724944067772.0,56462012238.0,59001809368.0,2170416716.0,20020203.0,727114484488.0
20151124,SSE,724356454195.0,41952155661.0,42539769238.0,2168170720.0,18347650.0,726524624915.0
20151125,SSE,722871325612.0,50585918649.0,52071047232.0,2175357594.0,20468421.0,725046683206.0
20151126,SSE,721562735545.0,57063284399.0,58371874466.0,2215328433.0,24195577.0,723778063978.0
20151127,SSE,707571655449.0,56361735197.0,70352815293.0,2061163221.0,37988666.0,709632818670.0
20151130,SSE,705712846824.0,47647190662.0,49505999287.0,2023533716.0,33414645.0,707736380540.0
20151201,SSE,707573181220.0,41187948449.0,39327614053.0,2077790582.0,30813241.0,709650971802.0
20151202,SSE,705719889489.0,50746609725.0,52599901456.0,2186265522.0,33975876.0,707906155011.0
20151203,SSE,701215140017.0,45460715372.0,49965464844.0,2150847061.0,30091638.0,703365987078.0
20151204,SSE,689229679014.0,36130370822.0,48115831825.0,2100381786.0,27582238.0,691330060800.0
20151207,SSE,688643130171.0,34763101101.0,35349649944.0,2149554072.0,25501351.0,690792684243.0
20151208,SSE,683538869003.0,34153742415.0,39258003583.0,2148104647.0,32121694.0,685686973650.0
20151209,SSE,681876332446.0,31912185019.0,33574721576.0,2123493880.0,23454107.0,683999826326.0
20151210,SSE,680181466516.0,33681721847.0,35376587777.0,2141678490.0,28977892.0,682323145006.0
20151211,SSE,679172485848.0,28365988971.0,29374969639.0,2101063966.0,39897286.0,681273549814.0
20151214,SSE,686734828731.0,41328859936.0,33766517053.0,2105881193.0,36024800.0,688840709924.0
20151215,SSE,686903667749.0,37186068080.0,37017229062.0,2022022178.0,24072759.0,688925689927.0
20151216,SSE,687294173008.0,34465314026.0,34074808767.0,2042483132.0,32766707.0,689336656140.0
20151217,SSE,685514996801.0,48712938670.0,50492114877.0,2197465782.0,46942828.0,687712462583.0
20151218,SSE,685013347232.0,47396383227.0,47898032796.0,2166047057.0,27117647.0,687179394289.0
20151221,SSE,690204973913.0,57466371747.0,52274745066.0,2273711965.0,42034047.0,692478685878.0
20151222,SSE,694584343597.0,52008901722.0,47629532038.0,2216629408.0,27847268.0,696800973005.0
20151223,SSE,701576990450.0,66173764807.0,59181117954.0,2305921763.0,51599272.0,703882912213.0
20151224,SSE,704055938831.0,45768190084.0,43289241703.0,2162580784.0,30225902.0,706218519615.0
20151225,SSE,702906554042.0,36861998896.0,38011383685.0,2152587073.0,25677739.0,705059141115.0
20151228,SSE,690842371910.0,43463435651.0,55527617783.0,2108756268.0,32431310.0,692951128178.0
20151229,SSE,689699599137.0,28878201901.0,30020974674.0,2141562769.0,32745600.0,691841161906.0
20151230,SSE,690624418175.0,34774521611.0,33849702573.0,2134120717.0,26235283.0,692758538892.0
20151231,SSE,680522261155.0,26481517358.0,36583674378.0,2110497327.0,25617261.0,682632758482.0
20160104,SSE,674250015171.0,27746141351.0,34018387335.0,1930428580.0,14767084.0,676180443751.0
20160105,SSE,662424991011.0,32738126135.0,44563150295.0,1965327469.0,31410622.0,664390318480.0
20160106,SSE,659659894611.0,31039624222.0,33804720622.0,2025469549.0,28591279.0,661685364160.0
20160107,SSE,653619923734.0,8743686393.0,14783657270.0,1865346141.0,4980100.0,655485269875.0
20160108,SSE,640940954450.0,32514181166.0,45193150450.0,1797468141.0,20464535.0,642738422591.0
20160111,SSE,622258836431.0,28150988168.0,46833106187.0,1722772476.0,30254704.0,623981608907.0
20160112,SSE,610486743606.0,21769602015.0,33541694840.0,1687383077.0,20604486.0,612174126683.0
20160113,SSE,600445497232.0,19525346812.0,29566593186.0,1671474368.0,22850084.0,602116971600.0
20160114,SSE,594163365933.0,22803175759.0,29085307058.0,1651483595.0,18888607.0,595814849528.0
20160115,SSE,585478803003.0,20242663855.0,28927226785.0,1613659931.0,28249261.0,587092462934.0
20160118,SSE,584010365373.0,19081125394.0,20549563024.0,1642374141.0,23324293.0,585652739514.0
20160119,SSE,583401330073.0,25220485677.0,25829520977.0,1761695979.0,39923341.0,585163026052.0
20160120,SSE,581973101059.0,25779016479.0,27207245493.0,1710066593.0,42551370.0,583683167652.0
20160121,SSE,577982711229.0,22361174852.0,26351564682.0,1757858947.0,38134401.0,579740570176.0
20160122,SSE,574703509699.0,17864511418.0,21143712948.0,1667792073.0,16171099.0,576371301772.0
20160125,SSE,573053955612.0,16889289523.0,18538843610.0,1696416297.0,16201169.0,574750371909.0
20160126,SSE,558948682056.0,19547611732.0,33652885288.0,1587722289.0,26214474.0,560536404345.0
20160127,SSE,546309759767.0,19749649503.0,32388571792.0,1610207999.0,21792114.0,547919967766.0
20160128,SSE,537399576006.0,14896970875.0,23807154636.0,1540722949.0,27725726.0,538940298955.0
20160129,SSE,533033638244.0,18426533048.0,22792470810.0,1535234350.0,22432638.0,534568872594.0
20160201,SSE,528384301655.0,14080422778.0,18729759367.0,1485180379.0,17458549.0,529869482034.0
20160202,SSE,528845887864.0,17563888365.0,17102302156.0,1511792608.0,17212053.0,530357680472.0
20160203,SSE,526428042632.0,14409477762.0,16827322994.0,1491080478.0,12578548.0,527919123110.0
20160204,SSE,524337017843.0,18541568615.0,20632593404.0,1482084171.0,17319810.0,525819102014.0
20160205,SSE,514093133618.0,11901318369.0,22145202594.0,1357030571.0,15155083.0,515450164189.0
20160215,SSE,515256205943.0,14930797529.0,13767725204.0,1420264176.0,33851000.0,516676470119.0
20160216,SSE,518215198164.0,23605306843.0,20646314622.0,1545662014.0,29933324.0,519760860178.0
20160217,SSE,518778341837.0,24752742440.0,24189598767.0,1657639909.0,39836772.0,520435981746.0
20160218,SSE,519382998740.0,25395778727.0,24791121824.0,1646122131.0,14700841.0,521029120871.0
20160219,SSE,517832856204.0,18210153720.0,19760296256.0,1595130626.0,10528154.0,519427986830.0
20160222,SSE,519250340741.0,27522280606.0,26104796069.0,1692811572.0,25534802.0,520943152313.0
20160223,SSE,519105100581.0,23392174306.0,23537414466.0,1689257065.0,15163588.0,520794357646.0
20160224,SSE,520489250248.0,26164786546.0,24780636879.0,1730924643.0,16853216.0,522220174891.0
20160225,SSE,513548523851.0,28390233205.0,35330959602.0,1632454971.0,27139662.0,515180978822.0
20160226,SSE,509938422697.0,18373537956.0,21983639110.0,1639939436.0,25497960.0,511578362133.0
20160229,SSE,501041987179.0,16891230852.0,25787666370.0,1622773378.0,23683654.0,502664760557.0
20160301,SSE,499909493421.0,18523989704.0,19656483462.0,1688144824.0,23312246.0,501597638245.0
20160302,SSE,502350546037.0,29767561155.0,27326508539.0,1779203410.0,37776502.0,504129749447.0
20160303,SSE,503092878470.0,31372321447.0,30629989014.0,1811602760.0,27678909.0,504904481230.0
20160304,SSE,494927660917.0,27790003531.0,35955221084.0,1855487471.0,38390367.0,496783148388.0
20160307,SSE,497412906564.0,24748130963.0,22262885316.0,1835425882.0,17338244.0,499248332446.0
20160308,SSE,495750615429.0,23630997269.0,25293288404.0,1834114044.0,19682643.0,497584729473.0
20160309,SSE,492829696125.0,17033964898.0,19954884202.0,1893220284.0,26064592.0,494722916409.0
20160310,SSE,492042339533.0,14785943211.0,15573299803.0,1836636431.0,11993988.0,493878975964.0
20160311,SSE,489799692896.0,12450405720.0,14693052357.0,1805079703.0,16191312.0,491604772599.0
20160314,SSE,493687362449.0,23766199588.0,19878530035.0,1810427012.0,19494774.0,495497789461.0
20160315,SSE,490445133204.0,16199416635.0,19441645880.0,1861084281.0,37963414.0,492306217485.0
20160316,SSE,483482073240.0,14991423218.0,21954483182.0,1891260265.0,31708062.0,485373333505.0
20160317,SSE,488497078304.0,26128781409.0,21113776345.0,1724225667.0,12120751.0,490221303971.0
20160318,SSE,494872388714.0,39428741515.0,33053431105.0,1711273806.0,30866936.0,496583662520.0
20160321,SSE,505682813378.0,50440582760.0,39630158096.0,1710875104.0,33931700.0,507393688482.0
20160322,SSE,507364047862.0,37857788437.0,36176553953.0,1604722826.0,15475715.0,508968770688.0
20160323,SSE,509741838074.0,31494180992.0,29116390780.0,1636604122.0,23831931.0,511378442196.0
20160324,SSE,509172156706.0,31986208234.0,32555889602.0,1645545414.0,31359522.0,510817702120.0
20160325,SSE,508638683094.0,22318847529.0,22852321141.0,1635002895.0,40192809.0,510273685989.0
20160328,SSE,509242174833.0,27189283089.0,26585791350.0,1684440686.0,36392082.0,510926615519.0
20160329,SSE,508525327296.0,21930279771.0,22647127308.0,1719011642.0,47876219.0,510244338938.0
20160330,SSE,509691637569.0,27927803064.0,26761492791.0,1774343291.0,35280473.0,511465980860.0
20160331,SSE,510077307223.0,31153041676.0,30767372022.0,1794732449.0,25351060.0,511872039672.0
20160401,SSE,506119519804.0,24633167935.0,28590955354.0,1831175662.0,28752399.0,507950695466.0
20160405,SSE,512243331494.0,37092235507.0,30968423817.0,1822755249.0,21010858.0,514066086743.0
20160406,SSE,513684986113.0,31676123292.0,30234468673.0,1833000949.0,18494058.0,515517987062.0
20160407,SSE,512796499453.0,28556687517.0,29445174177.0,1831830901.0,22893346.0,514628330354.0
20160408,SSE,509745451220.0,22781696856.0,25832745089.0,1843290164.0,35715099.0,511588741384.0
20160411,SSE,512127578457.0,30698107375.0,28315980138.0,1870649303.0,14677265.0,513998227760.0
20160412,SSE,510211622132.0,22416237700.0,24332194025.0,1879843609.0,20861007.0,512091465741.0
20160413,SSE,514174217320.0,42312313729.0,38349718541.0,1858861764.0,28609114.0,516033079084.0
20160414,SSE,515461028742.0,28430104632.0,27143293210.0,1863849047.0,21268263.0,517324877789.0
20160415,SSE,513959169343.0,25338240194.0,26840099593.0,1866486619.0,18578694.0,515825655962.0
20160418,SSE,512273796689.0,23645109654.0,25330482308.0,1884974375.0,34238477.0,514158771064.0
20160419,SSE,512299527727.0,20853636754.0,20827905716.0,1895798761.0,27911578.0,514195326488.0
20160420,SSE,506019596565.0,33417664759.0,39697595921.0,1969683025.0,48540371.0,507989279590.0
20160421,SSE,504729309486.0,23671067589.0,24961354668.0,1927995631.0,25810818.0,506657305117.0
20160422,SSE,501699887412.0,15483224766.0,18512646840.0,1837147974.0,12498910.0,503537035386.0
20160425,SSE,501105836656.0,14531444301.0,15125495057.0,1888084518.0,28658390.0,502993921174.0
20160426,SSE,500229477522.0,14289114810.0,15165473944.0,1912955038.0,26178572.0,502142432560.0
20160427,SSE,499245448785.0,15286475183.0,16270503920.0,1959244221.0,38562964.0,501204693006.0
20160428,SSE,498679671165.0,16736075918.0,17301853538.0,1971968247.0,28580969.0,500651639412.0
20160429,SSE,494455780517.0,12930112151.0,17154002799.0,1889693904.0,14545540.0,496345474421.0
20160503,SSE,498068800143.0,24446886546.0,20833866920.0,1916449042.0,18254554.0,499985249185.0
20160504,SSE,498378241538.0,21673655978.0,21364214583.0,1908585250.0,25394240.0,500286826788.0
20160505,SSE,498647195271.0,18795254421.0,18526300688.0,1866740178.0,19508495.0,500513935449.0
20160506,SSE,493019015948.0,25206015858.0,30834195181.0,1821751220.0,35486769.0,494840767168.0
20160509,SSE,489787952075.0,18589026402.0,21820090275.0,1814654742.0,33873364.0,491602606817.0
20160510,SSE,486770066004.0,11967954223.0,14985840294.0,1848438009.0,31123109.0,488618504013.0
20160511,SSE,484223329354.0,14605560018.0,17152296668.0,1908372766.0,26286230.0,486131702120.0
20160512,SSE,482195898002.0,14746480437.0,16773911789.0,1985512603.0,33452758.0,484181410605.0
20160513,SSE,479835870205.0,12799334852.0,15159362649.0,1867654477.0,15437677.0,481703524682.0
20160516,SSE,479976560380.0,13682998225.0,13542308050.0,1865306755.0,14189483.0,481841867135.0
20160517,SSE,478828511618.0,15685066169.0,16833114931.0,1881070331.0,23463162.0,480709581949.0
20160518,SSE,474780510464.0,14732885027.0,18780886181.0,1881965580.0,35905915.0,476662476044.0
20160519,SSE,474796983383.0,14160647518.0,14144174599.0,1744718654.0,14410300.0,476541702037.0
20160520,SSE,473967145973.0,14282633644.0,15112471054.0,1729756848.0,36595663.0,475696902821.0
20160523,SSE,473790185446.0,15087136624.0,15264097151.0,1753543484.0,31403739.0,475543728930.0
20160524,SSE,474113760053.0,14061116207.0,13737541600.0,1798419073.0,34425332.0,475912179126.0
20160525,SSE,473248745984.0,13439435439.0,14304449508.0,1819093057.0,33450208.0,475067839041.0
20160526,SSE,472502816382.0,14550761697.0,15296691299.0,1847415057.0,38126177.0,474350231439.0
20160527,SSE,470933246425.0,12946566059.0,14516136016.0,1693078510.0,15409047.0,472626324935.0
20160530,SSE,469474286135.0,12118100614.0,13577060904.0,1788434447.0,50249356.0,471262720582.0
20160531,SSE,472770517075.0,29411838246.0,26115607306.0,1773404013.0,33599650.0,474543921088.0
20160601,SSE,473842939459.0,26853747104.0,25781324720.0,1733878875.0,27907000.0,475576818334.0
20160602,SSE,475857307685.0,22727591932.0,20713223706.0,1777461682.0,26956835.0,477634769367.0
20160603,SSE,473956396588.0,24400622414.0,26301533511.0,1795161021.0,35727267.0,475751557609.0
20160606,SSE,474696463629.0,20389851290.0,19649784249.0,1807091008.0,24680932.0,476503554637.0
20160607,SSE,474785801210.0,18687817684.0,18598480103.0,1859507222.0,34423914.0,476645308432.0
20160608,SSE,472230941146.0,19223668206.0,21778528270.0,2083247021.0,49710215.0,474314188167.0
20160613,SSE,470718833261.0,22065754739.0,23577862624.0,1764666802.0,58834669.0,472483500063.0
20160614,SSE,469814782324.0,14488643361.0,15392694298.0,2140904265.0,65977760.0,471955686589.0
20160615,SSE,472774017130.0,25071419447.0,22112184641.0,2030176669.0,60139809.0,474804193799.0
20160616,SSE,472426696313.0,22911662035.0,23258982852.0,1842035190.0,33767428.0,474268731503.0
20160617,SSE,471145006787.0,22059853838.0,23341543364.0,1767669480.0,35213798.0,472912676267.0
20160620,SSE,471899642785.0,18147176614.0,17392540616.0,1868935709.0,33731307.0,473768578494.0
20160621,SSE,471148810549.0,22369420851.0,23120253087.0,1907486817.0,49486834.0,473056297366.0
20160622,SSE,471757473392.0,18476704112.0,17868041269.0,1856200904.0,33557104.0,473613674296.0
20160623,SSE,470989946736.0,19023254037.0,19790780693.0,1990896299.0,53017447.0,472980843035.0
20160624,SSE,469568272060.0,24668541492.0,26090216168.0,1888549208.0,54843576.0,471456821268.0
20160627,SSE,472130992856.0,23847929426.0,21285208630.0,1969519019.0,51126452.0,474100511875.0
20160628,SSE,473172010473.0,25173695721.0,24132678104.0,2001696516.0,40340399.0,475173706989.0
20160629,SSE,475231804471.0,26788675844.0,24728881846.0,2118405363.0,64276454.0,477350209834.0
20160630,SSE,474937137098.0,21467742218.0,21762409591.0,2101251811.0,26303758.0,477038388909.0
20160701,SSE,473366707712.0,19675919674.0,21246349060.0,2099563495.0,35646834.0,475466271207.0
20160704,SSE,477343099023.0,32130856359.0,28154465048.0,2302250937.0,62146625.0,479645349960.0
20160705,SSE,478894481453.0,32734362701.0,31182980271.0,2446240005.0,48180877.0,481340721458.0
20160706,SSE,480194633761.0,29106028080.0,27805875772.0,2419211393.0,43624495.0,482613845154.0
20160707,SSE,480968164323.0,31988828163.0,31215297601.0,2487269285.0,45517665.0,483455433608.0
20160708,SSE,478082382396.0,23389548398.0,26275330325.0,2349687842.0,22199670.0,480432070238.0
20160711,SSE,479342990976.0,32614662316.0,31354053736.0,2469632807.0,55737335.0,481812623783.0
20160712,SSE,482110757617.0,36821977122.0,34054210481.0,2549096995.0,66672703.0,484659854612.0
20160713,SSE,481908335239.0,36678423531.0,36880845909.0,2356322937.0,48346342.0,484264658176.0
20160714,SSE,482059531983.0,27102641122.0,26951444378.0,2366026078.0,43634449.0,484425558061.0
20160715,SSE,481144294514.0,25326907353.0,26242144822.0,2244011673.0,30810932.0,483388306187.0
20160718,SSE,483284066990.0,26067867176.0,23928094700.0,2326851515.0,45236181.0,485610918505.0
20160719,SSE,485650291962.0,23944297057.0,21578072085.0,2313343445.0,44047567.0,487963635407.0
20160720,SSE,486271452106.0,21205037443.0,20583877299.0,2339523643.0,27612751.0,488610975749.0
20160721,SSE,487493320212.0,25317838648.0,24095970542.0,2446552497.0,44999084.0,489939872709.0
20160722,SSE,485774399944.0,24165846980.0,25884767248.0,2273696518.0,35511469.0,488048096462.0
20160725,SSE,486965174977.0,21623531740.0,20432756707.0,2265389528.0,28996966.0,489230564505.0
20160726,SSE,487693941995.0,23503719129.0,22774952111.0,2449075034.0,50838836.0,490143017029.0
20160727,SSE,482124688799.0,38181156047.0,43750409243.0,2502229053.0,76538726.0,484626917852.0
20160728,SSE,480421749174.0,26674128603.0,28377068228.0,2485031794.0,51024068.0,482906780968.0
20160729,SSE,478048309022.0,19644960366.0,22018400518.0,2373197134.0,24671710.0,480421506156.0
20160801,SSE,476355670754.0,18019034247.0,19711672515.0,2352431485.0,40136631.0,478708102239.0
20160802,SSE,476393053057.0,14878698033.0,14841315730.0,2350121715.0,28426603.0,478743174772.0
20160803,SSE,476932091555.0,18468077204.0,17929038706.0,2460715830.0,51204670.0,479392807385.0
20160804,SSE,477637950967.0,18769312405.0,18063452993.0,2512008832.0,44262829.0,480149959799.0
20160805,SSE,476692801710.0,18678111692.0,19623260949.0,2474642813.0,40057237.0,479167444523.0
20160808,SSE,477819998514.0,21430172220.0,20302975416.0,2615946503.0,50381630.0,480435945017.0
20160809,SSE,479047204988.0,22848524757.0,21621318283.0,2643024561.0,54921971.0,481690229549.0
20160810,SSE,480718943503.0,22612841898.0,20941103383.0,2736885063.0,53461075.0,483455828566.0
20160811,SSE,480775762109.0,22024349627.0,21967531021.0,2772890637.0,50664908.0,483548652746.0
20160812,SSE,479839424564.0,22006966793.0,22943304338.0,2705740435.0,56541175.0,482545164999.0
20160815,SSE,486485232335.0,45599596654.0,38953788883.0,2883440312.0,92273965.0,489368672647.0
20160816,SSE,493566088751.0,41889657998.0,34808801582.0,2754629970.0,63014807.0,496320718721.0
20160817,SSE,495659051254.0,32177481153.0,30084518650.0,2685725798.0,40993272.0,498344777052.0
20160818,SSE,498543748648.0,35091631592.0,32206934198.0,2638732511.0,41562691.0,501182481159.0
20160819,SSE,498282428488.0,28438491033.0,28699811193.0,2677317602.0,73765265.0,500959746090.0
20160822,SSE,499145177131.0,27494751512.0,26632002869.0,2738433455.0,43399057.0,501883610586.0
20160823,SSE,499734417220.0,23174573771.0,22585333682.0,2793503662.0,57331203.0,502527920882.0
20160824,SSE,500400801436.0,20520998519.0,19854614303.0,2753149425.0,47004479.0,503153950861.0
20160825,SSE,500791792381.0,23464991931.0,23074000986.0,2748060930.0,53762538.0,503539853311.0
20160826,SSE,499937745356.0,20244740587.0,21098787612.0,2648511173.0,34680854.0,502586256529.0
20160829,SSE,501477435834.0,19262597443.0,17722906965.0,2723176228.0,52040537.0,504200612062.0
20160830,SSE,501004637549.0,18127747375.0,18600545660.0,2942132684.0,68741513.0,503946770233.0
20160831,SSE,501716007963.0,20539638820.0,19828268406.0,2972281463.0,54635530.0,504688289426.0
20160901,SSE,501535695782.0,20956719333.0,21137031514.0,3021949312.0,61126202.0,504557645094.0
20160902,SSE,499592197550.0,19720914539.0,21664412771.0,3055378796.0,75347741.0,502647576346.0
20160905,SSE,500516748119.0,19738718257.0,18814167688.0,2926669963.0,58457638.0,503443418082.0
20160906,SSE,503013816371.0,24868965139.0,22371896887.0,2942855884.0,55852469.0,505956672255.0
20160907,SSE,503273563343.0,25787343636.0,25527596664.0,3021243613.0,58620249.0,506294806956.0
20160908,SSE,503708906192.0,19861671600.0,19426328751.0,2941733401.0,31236471.0,506650639593.0
20160909,SSE,501701136676.0,21402589584.0,23410359100.0,2887751901.0,34540563.0,504588888577.0
20160912,SSE,499740145178.0,25293646673.0,27254638171.0,2893896356.0,66451677.0,502634041534.0
20160913,SSE,499635099269.0,18045851868.0,18150897777.0,2715487728.0,30621776.0,502350586997.0
20160914,SSE,496229314357.0,15678069181.0,19083854093.0,2560130168.0,33751163.0,498789444525.0
20160919,SSE,497965398653.0,15970987319.0,14234903023.0,2886141226.0,97715212.0,500851539879.0
20160920,SSE,498636196708.0,15176233151.0,14505435096.0,2789447018.0,46584823.0,501425643726.0
20160921,SSE,498866810752.0,14949437717.0,14718823673.0,2786995059.0,45304902.0,501653805811.0
20160922,SSE,497769188223.0,18424362327.0,19521984856.0,2842252320.0,40987349.0,500611440543.0
20160923,SSE,495548458994.0,15777430126.0,17998159355.0,2757532261.0,36732719.0,498305991255.0
20160926,SSE,495311007534.0,18398310421.0,18635761881.0,2921256301.0,79824556.0,498232263835.0
20160927,SSE,494949863817.0,14803735855.0,15164879572.0,2904498020.0,52782678.0,497854361837.0
20160928,SSE,493935142585.0,12346963447.0,13361684679.0,2761111210.0,35129214.0,496696253795.0
20160929,SSE,492459294682.0,13966699339.0,15442547242.0,2559643250.0,30521234.0,495018937932.0
20160930,SSE,485368046034.0,10947748818.0,18038997466.0,2302076042.0,8089909.0,487670122076.0
20161010,SSE,490131918314.0,23559668411.0,18795796131.0,2485754138.0,51608471.0,492617672452.0
20161011,SSE,493155823819.0,23454512182.0,20430606677.0,2815512031.0,77300340.0,495971335850.0
20161012,SSE,495554017689.0,18404348514.0,16006154644.0,2690801688.0,36990083.0,498244819377.0
20161013,SSE,497309822724.0,20303030805.0,18547225770.0,3013468547.0,66699273.0,500323291271.0
20161014,SSE,496412883860.0,19548242666.0,20445181530.0,2891899790.0,44694709.0,499304783650.0
20161017,SSE,498028728910.0,22216720236.0,20600875186.0,2866511869.0,62002962.0,500895240779.0
20161018,SSE,501292033743.0,25202934394.0,21939629561.0,2805307720.0,56407223.0,504097341463.0
20161019,SSE,502224582657.0,24632359171.0,23699810257.0,2818854308.0,54739907.0,505043436965.0
20161020,SSE,502719680826.0,20264716528.0,19769618359.0,2786501246.0,35699000.0,505506182072.0
20161021,SSE,502362504192.0,24048546481.0,24405723115.0,2929633779.0,67679796.0,505292137971.0
20161024,SSE,506651209666.0,31973297399.0,27684591925.0,3062310997.0,71104158.0,509713520663.0
20161025,SSE,509481313469.0,28013985325.0,25183881522.0,2938692369.0,31563950.0,512420005838.0
20161026,SSE,511241718608.0,26837389154.0,25076984015.0,3047214321.0,76024903.0,514288932929.0
20161027,SSE,512147647095.0,22057706294.0,21151777807.0,2867404567.0,29135306.0,515015051662.0
20161028,SSE,508646408411.0,23432607213.0,26933845897.0,2942339368.0,65997917.0,511588747779.0
20161031,SSE,510247896561.0,19877461369.0,18275973219.0,2889058916.0,44174035.0,513136955477.0
20161101,SSE,512090091838.0,22527066066.0,20684870789.0,2980140097.0,47955298.0,515070231935.0
20161102,SSE,512202186235.0,25005871992.0,24893777595.0,2978091658.0,45269483.0,515180277893.0
20161103,SSE,516372674587.0,35185628006.0,31015139654.0,3185394756.0,75471916.0,519558069343.0
20161104,SSE,515916361686.0,27702389256.0,28158702157.0,3027101051.0,48299358.0,518943462737.0
20161107,SSE,517199830196.0,25675769223.0,24392300713.0,3167668799.0,71740701.0,520367498995.0
20161108,SSE,517880324403.0,27167238686.0,26486744479.0,3333262968.0,84189547.0,521213587371.0
20161109,SSE,520589849944.0,35512155182.0,32802629641.0,3192679339.0,82817210.0,523782529283.0
20161110,SSE,524100406163.0,35916279752.0,32405723533.0,3430919078.0,93839585.0,527531325241.0
20161111,SSE,524606038523.0,43717351669.0,43211719309.0,3451229128.0,84919692.0,528057267651.0
20161114,SSE,530434954651.0,47161377775.0,41332461647.0,3455894457.0,99913739.0,533890849108.0
20161115,SSE,532962827325.0,35512135262.0,32984262588.0,3515075241.0,68217977.0,536477902566.0
20161116,SSE,535701347651.0,31599321935.0,28860801609.0,3369798586.0,72436987.0,539071146237.0
20161117,SSE,536057751317.0,29092021043.0,28735617377.0,3591333097.0,91203935.0,539649084414.0
20161118,SSE,535057333809.0,28680837457.0,29681254965.0,3342644447.0,82417417.0,538399978256.0
20161121,SSE,538823020390.0,32816415500.0,29050728919.0,3515686889.0,91673033.0,542338707279.0
20161122,SSE,542008130531.0,37589023793.0,34403913652.0,3586448687.0,106051188.0,545594579218.0
20161123,SSE,541686542434.0,35396629202.0,35718217299.0,3586996836.0,74331524.0,545273539270.0
20161124,SSE,541913908842.0,33906643087.0,33679276679.0,3824549910.0,106844753.0,545738458752.0
20161125,SSE,541073208543.0,34030570478.0,34871270777.0,3584196203.0,63936966.0,544657404746.0
20161128,SSE,546721796406.0,41134076209.0,35485488346.0,3889652394.0,129391632.0,550611448800.0
20161129,SSE,550196731263.0,49413534718.0,45938599861.0,3827897378.0,94585947.0,554024628641.0
20161130,SSE,553319387731.0,38009703417.0,34887046949.0,3623238146.0,50799789.0,556942625877.0
20161201,SSE,555785149855.0,36512524580.0,34046762456.0,3841995830.0,100266615.0,559627145685.0
20161202,SSE,552942591967.0,37792654678.0,40635212566.0,3646377298.0,68000163.0,556588969265.0
20161205,SSE,552584304283.0,32964380204.0,33322667888.0,3459620852.0,100734285.0,556043925135.0
20161206,SSE,552796495709.0,22502287281.0,22290095855.0,3420881587.0,83049594.0,556217377296.0
20161207,SSE,553519950153.0,24070429642.0,23346975198.0,3533985798.0,83557693.0,557053935951.0
20161208,SSE,554108985855.0,23898531152.0,23309495450.0,3692335096.0,95894711.0,557801320951.0
20161209,SSE,552842108711.0,26820353251.0,28087230395.0,3669446342.0,93808717.0,556511555053.0
20161212,SSE,545636500112.0,31162678070.0,38368286669.0,3579624571.0,83839951.0,549216124683.0
20161213,SSE,545857484973.0,21736669175.0,21515684314.0,3258606848.0,67786023.0,549116091821.0
20161214,SSE,547536309834.0,26484861643.0,24806036782.0,3253930817.0,80933727.0,550790240651.0
20161215,SSE,549415404110.0,24392317065.0,22513222789.0,3081793935.0,81333331.0,552497198045.0
20161216,SSE,547544828889.0,18239764248.0,20110339469.0,2939297065.0,56281638.0,550484125954.0
20161219,SSE,547210251108.0,18200653755.0,18535231536.0,2929726450.0,65519502.0,550139977558.0
20161220,SSE,548400035764.0,18737420154.0,17547635498.0,2862197707.0,59466063.0,551262233471.0
20161221,SSE,549096724136.0,22122050674.0,21425362302.0,3096966389.0,92112448.0,552193690525.0
20161222,SSE,548638718046.0,19296334236.0,19754340326.0,2961458772.0,92968466.0,551600176818.0
20161223,SSE,544894505934.0,19043031252.0,22787243364.0,2956020933.0,59553988.0,547850526867.0
20161226,SSE,545743760642.0,19619483085.0,18770228377.0,2897953730.0,92797165.0,548641714372.0
20161227,SSE,546989121102.0,17809785774.0,16564425314.0,2771776523.0,35705009.0,549760897625.0
20161228,SSE,547380152489.0,16009398832.0,15618367445.0,2630404190.0,55373111.0,550010556679.0
20161229,SSE,546781977610.0,15751094213.0,16349269092.0,2670847647.0,57849241.0,549452825257.0
20161230,SSE,541744074134.0,14344231540.0,19382135016.0,2907720287.0,120410464.0,544651794421.0
20170103,SSE,541086585301.0,16133800643.0,16791289476.0,2751779090.0,60364739.0,543838364391.0
20170104,SSE,540266946445.0,19600153246.0,20419792102.0,2827996656.0,77535673.0,543094943101.0
20170105,SSE,539549321455.0,19822922714.0,20540547704.0,2988885418.0,73640617.0,542538206873.0
20170106,SSE,537500878600.0,19869471573.0,21917914428.0,2858333974.0,58039504.0,540359212574.0
20170109,SSE,537718895628.0,20095812115.0,19877795087.0,3151701673.0,91852042.0,540870597301.0
20170110,SSE,536648846867.0,20212691796.0,21282740557.0,3159415794.0,93465888.0,539808262661.0
20170111,SSE,535042445743.0,18902724719.0,20509125843.0,3257103313.0,89826296.0,538299549056.0
20170112,SSE,533756166491.0,15745649736.0,17031928988.0,3147374871.0,63277969.0,536903541362.0
20170113,SSE,528892909817.0,14808474716.0,19671731390.0,3147160699.0,52882035.0,532040070516.0
20170116,SSE,516166619858.0,18744123693.0,31470413652.0,3366270199.0,89447836.0,519532890057.0
20170117,SSE,515589498006.0,14304069471.0,14881191323.0,3276346000.0,62246078.0,518865844006.0
20170118,SSE,514074153163.0,13462077516.0,14977422359.0,3357240293.0,97458732.0,517431393456.0
20170119,SSE,513286356018.0,12150234652.0,12938031797.0,3181768033.0,73466992.0,516468124051.0
20170120,SSE,511151354556.0,12168333608.0,14303335070.0,2875530522.0,39181012.0,514026885078.0
20170123,SSE,510210195581.0,14558396547.0,15499555522.0,2895853009.0,57943826.0,513106048590.0
20170124,SSE,507524064123.0,12326827603.0,15012959061.0,2878112906.0,49957366.0,510402177029.0
20170125,SSE,505982240630.0,12266684836.0,13808508329.0,2796884705.0,29154433.0,508779125335.0
20170126,SSE,498374008721.0,10368831308.0,17977063217.0,2547782617.0,6634730.0,500921791338.0
20170203,SSE,501587053948.0,13012665745.0,9799620518.0,2591392792.0,36738999.0,504178446740.0
20170206,SSE,505094124703.0,15607866098.0,12100795343.0,2729574011.0,52236915.0,507823698714.0
20170207,SSE,505290510411.0,14733134047.0,14536748339.0,2855342420.0,82443370.0,508145852831.0
20170208,SSE,507120995154.0,17527851456.0,15697366713.0,2990431779.0,76546068.0,510111426933.0
20170209,SSE,510301910232.0,22663085338.0,19482170260.0,2999102374.0,55866642.0,513301012606.0
20170210,SSE,509501164991.0,25684293331.0,26485038572.0,3058976919.0,62794133.0,512560141910.0
20170213,SSE,512891126892.0,25494319077.0,22104357176.0,3318538647.0,112808145.0,516209665539.0
20170214,SSE,514493589292.0,21279556607.0,19677094207.0,3268476365.0,73376299.0,517762065657.0
20170215,SSE,516029816019.0,26582091963.0,25045865236.0,3908627729.0,172808330.0,519938443748.0
20170216,SSE,518855552701.0,24226319951.0,21400583269.0,3522402466.0,90600375.0,522377955167.0
20170217,SSE,517982129346.0,23551677476.0,24425100831.0,3773835126.0,140709278.0,521755964472.0
20170220,SSE,521797169713.0,25567213705.0,21752173338.0,3866762853.0,141555583.0,525663932566.0
20170221,SSE,522276159654.0,24195255065.0,23716265124.0,4057502951.0,136474786.0,526333662605.0
20170222,SSE,523705409158.0,23833320262.0,22404070758.0,3611107166.0,70124623.0,527316516324.0
20170223,SSE,525817689808.0,24686882954.0,22574602304.0,3538553924.0,77599461.0,529356243732.0
20170224,SSE,525654220836.0,20653683582.0,20817152554.0,3375705081.0,73231895.0,529029925917.0
20170227,SSE,527293793769.0,21363145133.0,19723572200.0,3394063149.0,62601584.0,530687856918.0
20170228,SSE,528856868250.0,17727446342.0,16164371861.0,3375593438.0,77633637.0,532232461688.0
20170301,SSE,529809697429.0,23292334150.0,22339504971.0,3618715780.0,137602688.0,533428413209.0
20170302,SSE,530170254941.0,21211857140.0,20851299628.0,3444258201.0,86960634.0,533614513142.0
20170303,SSE,527920521386.0,17751141610.0,20000875165.0,3429794174.0,80359868.0,531350315560.0
20170306,SSE,529865824898.0,19035648329.0,17090344817.0,3651107823.0,125493938.0,533516932721.0
20170307,SSE,530273177529.0,19485234256.0,19077881625.0,3616213870.0,99350175.0,533889391399.0
20170308,SSE,530463329116.0,19129029367.0,18938877780.0,3991511979.0,132238974.0,534454841095.0
20170309,SSE,529818259278.0,18223640546.0,18868710384.0,3801715306.0,79065654.0,533619974584.0
20170310,SSE,527549728744.0,14551982050.0,16820512584.0,3757623238.0,72574808.0,531307351982.0
20170313,SSE,528649018916.0,19181433874.0,18082143702.0,3894708619.0,99878074.0,532543727535.0
20170314,SSE,528737903013.0,16667190566.0,16578306469.0,3938830543.0,75715211.0,532676733556.0
20170315,SSE,529674658034.0,17217866925.0,16281111904.0,3933798944.0,97679618.0,533608456978.0
20170316,SSE,532829101634.0,23318841374.0,20164397774.0,3895170160.0,71113627.0,536724271794.0
20170317,SSE,532459710928.0,22348530287.0,22717920993.0,3891214217.0,108052757.0,536350925145.0
20170320,SSE,534227970661.0,19660736723.0,17892476990.0,3805301811.0,77614402.0,538033272472.0
20170321,SSE,535559713983.0,20023598664.0,18691855342.0,4052216015.0,116874518.0,539611929998.0
20170322,SSE,536932700690.0,23446729286.0,22073742579.0,4043393233.0,104908096.0,540976093923.0
20170323,SSE,537516709084.0,23094288813.0,22510280419.0,4079025716.0,107641968.0,541595734800.0
20170324,SSE,537615245684.0,26140732123.0,26042195523.0,4005834858.0,102982576.0,541621080542.0
20170327,SSE,540023946311.0,24213194147.0,21804493520.0,3946526092.0,87670770.0,543970472403.0
20170328,SSE,540813227571.0,18673565474.0,17884284214.0,3829041194.0,71959088.0,544642268765.0
20170329,SSE,541086656099.0,23524572352.0,23251143824.0,4198738904.0,132555423.0,545285395003.0
20170330,SSE,539868684692.0,25347341220.0,26565312627.0,3780142914.0,85869645.0,543648827606.0
20170331,SSE,535699641718.0,18508132159.0,22677175133.0,3634290548.0,70702324.0,539333932266.0
20170405,SSE,538711252185.0,29640369957.0,26628759490.0,3766704447.0,76420586.0,542477956632.0
20170406,SSE,539083167166.0,30020955275.0,29649040294.0,3987295361.0,117641633.0,543070462527.0
20170407,SSE,537567404709.0,28121270901.0,29637033358.0,3858152336.0,95871406.0,541425557045.0
20170410,SSE,539288405156.0,29553694476.0,27832694029.0,4038400765.0,121327931.0,543326805921.0
20170411,SSE,543405620610.0,39238294257.0,35121078803.0,4076179298.0,104226667.0,547481799908.0
20170412,SSE,544699793451.0,36239017710.0,34944844869.0,4105700165.0,119745075.0,548805493616.0
20170413,SSE,547157833162.0,26347090124.0,23889050413.0,4203291371.0,134339351.0,551361124533.0
20170414,SSE,544867962113.0,24989821214.0,27279692263.0,3869038787.0,96423293.0,548737000900.0
20170417,SSE,546164795221.0,25427479080.0,24130645972.0,3842612083.0,93761340.0,550007407304.0
20170418,SSE,546435281623.0,23858788054.0,23588301652.0,3861892996.0,91867270.0,550297174619.0
20170419,SSE,545115793014.0,23401019016.0,24720507625.0,3765069054.0,98903372.0,548880862068.0
20170420,SSE,543909595954.0,23378624663.0,24584821723.0,3698528698.0,78574764.0,547608124652.0
20170421,SSE,538608445810.0,17034426828.0,22335576972.0,3565027877.0,54522133.0,542173473687.0
20170424,SSE,534439269559.0,18627416369.0,22796592620.0,3800943303.0,96017428.0,538240212862.0
20170425,SSE,533464968435.0,18205648475.0,19179949599.0,3906328991.0,85108206.0,537371297426.0
20170426,SSE,533367272469.0,21271519456.0,21369215422.0,3880363204.0,92953893.0,537247635673.0
20170427,SSE,533515685576.0,24547035898.0,24398622791.0,3932938087.0,78172838.0,537448623663.0
20170428,SSE,530329667127.0,17646789342.0,20832807791.0,3671006916.0,40160912.0,534000674043.0
20170502,SSE,531259620369.0,19054167988.0,18124214746.0,3772831406.0,58206813.0,535032451775.0
20170503,SSE,531245801538.0,18307201838.0,18321020669.0,3952918760.0,76819853.0,535198720298.0
20170504,SSE,532685207766.0,21326203514.0,19886797286.0,3978450329.0,71709753.0,536663658095.0
20170505,SSE,528720181291.0,17642881394.0,21607907869.0,3975583520.0,70570041.0,532695764811.0
20170508,SSE,525347761304.0,17661258004.0,21033677991.0,3993596773.0,77930079.0,529341358077.0
20170509,SSE,525065572900.0,14802506208.0,15084694612.0,3854767665.0,46586689.0,528920340565.0
20170510,SSE,522366049656.0,16913800523.0,19613323767.0,4013054062.0,97212064.0,526379103718.0
20170511,SSE,517233414474.0,17818195260.0,22950830442.0,4006363416.0,76433190.0,521239777890.0
20170512,SSE,514216422190.0,16141980020.0,19158972304.0,4033272324.0,92045367.0,518249694514.0
20170515,SSE,512648970078.0,14169922128.0,15737374240.0,4091657734.0,47642418.0,516740627812.0
20170516,SSE,513823056434.0,20398247737.0,19224161381.0,4069617288.0,70225364.0,517892673722.0
20170517,SSE,514477174094.0,19530215983.0,18876098323.0,3975605787.0,57080525.0,518452779881.0
20170518,SSE,514821195735.0,15739964577.0,15395942936.0,3762927712.0,57542796.0,518584123447.0
20170519,SSE,513118335966.0,13744223490.0,15447083259.0,3717253796.0,41331348.0,516835589762.0
20170522,SSE,512246774771.0,15648617871.0,16520179066.0,3943705129.0,79594823.0,516190479900.0
20170523,SSE,509405303323.0,18273912915.0,21115384363.0,4084368599.0,81487675.0,513489671922.0
20170524,SSE,509246104228.0,15052025458.0,15211224553.0,4084972437.0,106494589.0,513331076665.0
20170525,SSE,509448789631.0,21641618054.0,21438932651.0,4144147054.0,114121065.0,513592936685.0
20170526,SSE,505837079759.0,15608091455.0,19219801327.0,3747120231.0,54388359.0,509584199990.0
20170531,SSE,506079239855.0,17477355035.0,17235194939.0,3819410833.0,64687195.0,509898650688.0
20170601,SSE,502881436275.0,15656546673.0,18854350253.0,3879315832.0,62154271.0,506760752107.0
20170602,SSE,501826004106.0,15446395167.0,16501827336.0,3557897486.0,58337153.0,505383901592.0
20170605,SSE,502967461112.0,14819828169.0,13678371163.0,3565840102.0,77451138.0,506533301214.0
20170606,SSE,502648994421.0,13568761087.0,13887227778.0,3571713693.0,54533856.0,506220708114.0
20170607,SSE,504951018649.0,21295080642.0,18993056414.0,3388251237.0,65755987.0,508339269886.0
20170608,SSE,505449167298.0,18952224217.0,18454075568.0,3505035715.0,67177377.0,508954203013.0
20170609,SSE,504070812514.0,18706664816.0,20085019600.0,3592199771.0,65656792.0,507663012285.0
20170612,SSE,505452993981.0,18015011225.0,16632829758.0,3660929777.0,56335769.0,509113923758.0
20170613,SSE,506886152863.0,16110552209.0,14677393327.0,3409027197.0,53929565.0,510295180060.0
20170614,SSE,507249153818.0,16798046853.0,16435045898.0,3350887021.0,81079264.0,510600040839.0
20170615,SSE,509014686250.0,17179533078.0,15414000646.0,3252054614.0,58364709.0,512266740864.0
20170616,SSE,507198520290.0,14650312612.0,16466478572.0,3246556042.0,59247205.0,510445076332.0
20170619,SSE,508226930204.0,16232669045.0,15204259131.0,3416889249.0,71546606.0,511643819453.0
20170620,SSE,508333054879.0,17080691207.0,16974566532.0,3358812434.0,61152261.0,511691867313.0
20170621,SSE,508932378843.0,18008268671.0,17408944707.0,3458382285.0,77624556.0,512390761128.0
20170622,SSE,509754526622.0,25381397798.0,24559250019.0,3679412004.0,82011037.0,513433938626.0
20170623,SSE,507890577040.0,18637892129.0,20501841711.0,3434845727.0,50993695.0,511325422767.0
20170626,SSE,511001191807.0,24254723706.0,21144108939.0,3615355659.0,63454086.0,514616547466.0
20170627,SSE,511457728296.0,19127295534.0,18670759045.0,3659056301.0,64898977.0,515116784597.0
20170628,SSE,513378917370.0,19369329421.0,17448140347.0,3745049046.0,85900469.0,517123966416.0
20170629,SSE,513501965352.0,17037839509.0,16914791527.0,3668495146.0,75301950.0,517170460498.0
20170630,SSE,511528278042.0,14427929374.0,16401616684.0,3330077479.0,37369552.0,514858355521.0
20170703,SSE,512479572751.0,17371993384.0,16420698675.0,3194858156.0,38596841.0,515674430907.0
20170704,SSE,513157610530.0,17950741207.0,17272703428.0,3485847272.0,59544318.0,516643457802.0
20170705,SSE,514487818603.0,19417095332.0,18086887259.0,3380513092.0,58945285.0,517868331695.0
20170706,SSE,514569648233.0,22940149474.0,22858319844.0,3701107459.0,71571363.0,518270755692.0
20170707,SSE,513724680300.0,21183754356.0,22028722289.0,3423148313.0,52979219.0,517147828613.0
20170710,SSE,515392194701.0,25753060357.0,24085545956.0,3533303823.0,67990356.0,518925498524.0
20170711,SSE,515329239075.0,24113515410.0,24176471036.0,3652257545.0,89902771.0,518981496620.0
20170712,SSE,515930473901.0,24077229893.0,23475995067.0,3674563887.0,69123264.0,519605037788.0
20170713,SSE,517301034702.0,26124408643.0,24753847842.0,3920547029.0,83985652.0,521221581731.0
20170714,SSE,515043617427.0,19950483266.0,22207900541.0,3732434542.0,55274211.0,518776051969.0
20170717,SSE,513668732540.0,31415272249.0,32790157136.0,3921384435.0,102895531.0,517590116975.0
20170718,SSE,513938473137.0,22721068351.0,22451327754.0,3630727039.0,59196595.0,517569200176.0
20170719,SSE,516645095697.0,33265674928.0,30559052368.0,3861512433.0,97240795.0,520506608130.0
20170720,SSE,516852513732.0,29596930867.0,29389512832.0,3835233677.0,67664070.0,520687747409.0
20170721,SSE,516927360025.0,26921358014.0,26846511721.0,3664013338.0,55729000.0,520591373363.0
20170724,SSE,521007125367.0,31436994720.0,27357229378.0,3819562298.0,75105656.0,524826687665.0
20170725,SSE,523213040701.0,26338233274.0,24132317940.0,3843321662.0,79139914.0,527056362363.0
20170726,SSE,525088165155.0,28506278901.0,26631154447.0,3726364371.0,69221980.0,528814529526.0
20170727,SSE,526393111133.0,28928422645.0,27623476667.0,3672126096.0,74871485.0,530065237229.0
20170728,SSE,524828764794.0,23129529881.0,24693876220.0,3594552210.0,64850236.0,528423317004.0
20170731,SSE,528537955376.0,32291507628.0,28582317046.0,3749653632.0,88647581.0,532287609008.0
20170801,SSE,529231018478.0,31492038816.0,30798975714.0,3916761485.0,84229334.0,533147779963.0
20170802,SSE,532200383095.0,35890923633.0,32921559016.0,3831086862.0,74644104.0,536031469957.0
20170803,SSE,534879944654.0,30336073067.0,27656511508.0,3530499040.0,40101614.0,538410443694.0
20170804,SSE,532820207518.0,34969999502.0,37029736638.0,3598484776.0,61343935.0,536418692294.0
20170807,SSE,535636198766.0,29644034898.0,26828043650.0,3544692781.0,59775062.0,539180891547.0
20170808,SSE,534726199658.0,31299192096.0,32209191204.0,3722134478.0,83054330.0,538448334136.0
20170809,SSE,537368647820.0,30620320769.0,27977872607.0,3779979746.0,70474767.0,541148627566.0
20170810,SSE,537669007398.0,30265906808.0,29965547230.0,3739686127.0,92464047.0,541408693525.0
20170811,SSE,535356477158.0,31093642271.0,33406172511.0,3531912151.0,78369366.0,538888389309.0
20170814,SSE,537632596431.0,26457875922.0,24181756649.0,3559045374.0,75469867.0,541191641805.0
20170815,SSE,539648893071.0,24658227869.0,22641931229.0,3796690082.0,111023637.0,543445583153.0
20170816,SSE,540868472055.0,24284974967.0,23065395983.0,3705165383.0,71078675.0,544573637438.0
20170817,SSE,542899045178.0,29645958008.0,27615384885.0,3873410862.0,85823074.0,546772456040.0
20170818,SSE,541748509333.0,25742169645.0,26892705490.0,3671141815.0,59752774.0,545419651148.0
20170821,SSE,543592415590.0,25636299098.0,23792392841.0,3497726367.0,51042065.0,547090141957.0
20170822,SSE,544897323822.0,26957110928.0,25652202696.0,3707097560.0,62929229.0,548604421382.0
20170823,SSE,545507089335.0,25055341612.0,24445576099.0,3675940145.0,56642185.0,549183029480.0
20170824,SSE,546833583828.0,21677814495.0,20351320002.0,3723296900.0,75922014.0,550556880728.0
20170825,SSE,546054164590.0,26559491663.0,27338910901.0,3733950169.0,106115480.0,549788114759.0
20170828,SSE,550835572748.0,38739064545.0,33957656387.0,4060209017.0,128456276.0,554895781765.0
20170829,SSE,553270011460.0,31750813945.0,29316375233.0,3787373917.0,73107712.0,557057385377.0
20170830,SSE,554844843413.0,34243309804.0,32668477851.0,3938428820.0,113980168.0,558783272233.0
20170831,SSE,559118232072.0,32852583691.0,28579195032.0,3729686695.0,73372891.0,562847918767.0
20170901,SSE,560256965769.0,38145742306.0,37007008609.0,3782081767.0,87809515.0,564039047536.0
20170904,SSE,563595774171.0,36864790689.0,33525982287.0,3654909490.0,67574308.0,567250683661.0
20170905,SSE,564749751259.0,28356786574.0,27202809486.0,3881841504.0,82912017.0,568631592763.0
20170906,SSE,567410040920.0,33756191922.0,31095902261.0,4096511043.0,115941833.0,571506551963.0
20170907,SSE,568069058625.0,32232266300.0,31573248595.0,3802840643.0,60695141.0,571871899268.0
20170908,SSE,568868703562.0,28649788248.0,27850143311.0,3624195663.0,52202743.0,572492899225.0
20170911,SSE,573227491085.0,33037857460.0,28679069937.0,3606202807.0,78307599.0,576833693892.0
20170912,SSE,575035344655.0,41786864214.0,39979010644.0,3673940363.0,80203908.0,578709285018.0
20170913,SSE,577341861552.0,28360523868.0,26054006971.0,3722482180.0,86246983.0,581064343732.0
20170914,SSE,579539655735.0,32442812362.0,30245018179.0,3846801704.0,82227079.0,583386457439.0
20170915,SSE,578583374441.0,30565680178.0,31521961472.0,3561335007.0,57302273.0,582144709448.0
20170918,SSE,582455107684.0,28778714421.0,24906981178.0,3533098118.0,60464372.0,585988205802.0
20170919,SSE,583732774712.0,28638406338.0,27360739310.0,3612825172.0,72239527.0,587345599884.0
20170920,SSE,587035104718.0,29680262317.0,26377932311.0,3569458018.0,63043990.0,590604562736.0
20170921,SSE,586141235549.0,28857980931.0,29751850100.0,3735971641.0,116527478.0,589877207190.0
20170922,SSE,583454267943.0,24426309561.0,27113277167.0,3489006367.0,69237805.0,586943274310.0
20170925,SSE,581184044380.0,22333478459.0,24603702022.0,3531429126.0,68455185.0,584715473506.0
20170926,SSE,579908899222.0,17279179734.0,18554324892.0,3618066101.0,83655178.0,583526965323.0
20170927,SSE,579523451666.0,20346208626.0,20731656182.0,3449274798.0,63125694.0,582972726464.0
20170928,SSE,578224273633.0,20793760783.0,22092938816.0,3390141010.0,51576802.0,581614414643.0
20170929,SSE,570083581576.0,18403774027.0,26544466084.0,3063587903.0,14008866.0,573147169479.0
20171009,SSE,578682092143.0,32575427391.0,23976916824.0,3416567962.0,80668836.0,582098660105.0
20171010,SSE,583145677767.0,29129605458.0,24666019834.0,3447916434.0,66838440.0,586593594201.0
20171011,SSE,583522843846.0,25301765202.0,24924599123.0,3614850268.0,124366436.0,587137694114.0
20171012,SSE,583464735903.0,23778972170.0,23837080113.0,3823521864.0,140285712.0,587288257767.0
20171013,SSE,582562628235.0,19444343723.0,20346451391.0,3411703160.0,83506576.0,585974331395.0
20171016,SSE,583759038774.0,26676245565.0,25479835026.0,3498468733.0,76783181.0,587257507507.0
20171017,SSE,584023686833.0,17522502561.0,17257854502.0,3427935444.0,82068337.0,587451622277.0
20171018,SSE,581592266640.0,20201858871.0,22633279064.0,3601203661.0,81025125.0,585193470301.0
20171019,SSE,579306498080.0,20408730538.0,22694499098.0,3554960263.0,60065739.0,582861458343.0
20171020,SSE,578649055545.0,17650041440.0,18307483975.0,3403723659.0,38321782.0,582052779204.0
20171023,SSE,580901689048.0,19180931506.0,16928298003.0,3471614829.0,52887181.0,584373303877.0
20171024,SSE,578877370713.0,18074355996.0,20098674331.0,3724863881.0,86145437.0,582602234594.0
20171025,SSE,579673158365.0,18360283874.0,17564496222.0,3557791155.0,43331925.0,583230949520.0
20171026,SSE,585721846144.0,31351471515.0,25302783736.0,3710445203.0,71269168.0,589432291347.0
20171027,SSE,586980537209.0,26446780229.0,25188089164.0,3595627068.0,46881723.0,590576164277.0
20171030,SSE,587251583104.0,31576733592.0,31305687697.0,3757667025.0,71427025.0,591009250129.0
20171031,SSE,589196036713.0,24791626758.0,22847173149.0,3717369343.0,67355998.0,592913406056.0
20171101,SSE,593084233167.0,28705800913.0,24817604459.0,3925298338.0,118625788.0,597009531505.0
20171102,SSE,591938582941.0,23159575658.0,24305225884.0,3663595163.0,95949315.0,595602178104.0
20171103,SSE,589295810105.0,22065591152.0,24708363988.0,3643067348.0,99391921.0,592938877453.0
20171106,SSE,593520002896.0,25570944919.0,21346752128.0,3621227942.0,93081749.0,597141230838.0
20171107,SSE,597686940879.0,30488210444.0,26321272461.0,3999307696.0,137849313.0,601686248575.0
20171108,SSE,599847626587.0,29447070709.0,27286385001.0,3774348734.0,80880444.0,603621975321.0
20171109,SSE,602292882328.0,26156935189.0,23711679448.0,3781100207.0,72398883.0,606073982535.0
20171110,SSE,602677946214.0,32745721664.0,32360657778.0,3821670534.0,59189014.0,606499616748.0
20171113,SSE,607453853482.0,34795444594.0,30019537326.0,4052282858.0,111469783.0,611506136340.0
20171114,SSE,609530393847.0,33110831866.0,31034291501.0,4017520980.0,98235089.0,613547914827.0
20171115,SSE,610088191761.0,27322760931.0,26764963017.0,3985367896.0,130081113.0,614073559657.0
20171116,SSE,611955170107.0,27540418339.0,25673439993.0,4026241575.0,108925639.0,615981411682.0
20171117,SSE,605407313174.0,33437375721.0,39985232654.0,4224948523.0,135303417.0,609632261697.0
20171120,SSE,606152968284.0,27606992716.0,26861337606.0,4080179520.0,98061706.0,610233147804.0
20171121,SSE,610896888811.0,35670732307.0,30926811780.0,4232326120.0,104388086.0,615129214931.0
20171122,SSE,613638975630.0,37463915477.0,34721828658.0,4222736888.0,95749026.0,617861712518.0
20171123,SSE,612323609647.0,34971820282.0,36287186265.0,4017733352.0,108387117.0,616341342999.0
20171124,SSE,607803783678.0,22821336538.0,27341162507.0,3733474862.0,62007179.0,611537258540.0
20171127,SSE,604120318760.0,21706868377.0,25390333295.0,3748916832.0,78489295.0,607869235592.0
20171128,SSE,605038393589.0,20423735751.0,19505660922.0,3664336812.0,61488883.0,608702730401.0
20171129,SSE,606435086718.0,27404524134.0,26007831005.0,4057232251.0,121540529.0,610492318969.0
20171130,SSE,606266729261.0,23568646067.0,23737003524.0,3882969879.0,96504247.0,610149699140.0
20171201,SSE,605049876092.0,20725355751.0,21942208920.0,3655974771.0,63388333.0,608705850863.0
20171204,SSE,604595733465.0,20604878464.0,21059021091.0,3754415327.0,86365562.0,608350148792.0
20171205,SSE,594960743028.0,20791260681.0,30426251118.0,3839705056.0,92330721.0,598800448084.0
20171206,SSE,595236819307.0,21596035758.0,21319959479.0,3692154268.0,77544558.0,598928973575.0
20171207,SSE,596091122261.0,19581499313.0,18727196359.0,3554247048.0,64305058.0,599645369309.0
20171208,SSE,595997613220.0,19042969089.0,19136478130.0,3599879327.0,101508401.0,599597492547.0
20171211,SSE,597388285945.0,20461557664.0,19070884939.0,3758638299.0,110323326.0,601146924244.0
20171212,SSE,598121141086.0,20096147911.0,19363292770.0,3750354277.0,118763206.0,601871495363.0
20171213,SSE,599823623298.0,18141605058.0,16439122846.0,3806754508.0,113866925.0,603630377806.0
20171214,SSE,601518600419.0,19549257497.0,17854280376.0,4002821102.0,144729254.0,605521421521.0
20171215,SSE,599973160706.0,17498770920.0,19044210633.0,3650059277.0,97333253.0,603623219983.0
20171218,SSE,600385416902.0,16374411672.0,15962155476.0,3706518967.0,99663217.0,604091935869.0
20171219,SSE,601150771777.0,17601240193.0,16835885318.0,3729730482.0,72507997.0,604880502259.0
20171220,SSE,600660765121.0,20341227305.0,20831233961.0,3804967455.0,89601083.0,604465732576.0
20171221,SSE,601331057847.0,21436735962.0,20766443236.0,3828819296.0,109017640.0,605159877143.0
20171222,SSE,600752458618.0,17813164425.0,18391763654.0,3720772560.0,63490251.0,604473231178.0
20171225,SSE,602010826133.0,20835295949.0,19576928434.0,3999879905.0,115968844.0,606010706038.0
20171226,SSE,603788870421.0,19751644607.0,17973600319.0,3779155598.0,72584885.0,607568026019.0
20171227,SSE,604243378239.0,23203488414.0,22748980596.0,3614363807.0,80882761.0,607857742046.0
20171228,SSE,607288414879.0,25351894785.0,22306858145.0,3777150934.0,109419427.0,611065565813.0
20171229,SSE,605281700426.0,19021641781.0,21028356234.0,3584861409.0,57296261.0,608866561835.0
20180102,SSE,608366051878.0,27590480172.0,24506128720.0,3654085132.0,76344279.0,612020137010.0
20180103,SSE,608815534517.0,30439570182.0,29990087543.0,3772954586.0,74917924.0,612588489103.0
20180104,SSE,610527948195.0,29696616884.0,27984203206.0,3955106395.0,81062102.0,614483054590.0
20180105,SSE,611033498008.0,30311498312.0,29805948499.0,3909520577.0,72649378.0,614943018585.0
20180108,SSE,614437310945.0,36490715414.0,33086902477.0,4207633747.0,104853368.0,618644944692.0
20180109,SSE,616540107796.0,30086145554.0,27983348703.0,4077347539.0,69350546.0,620617455335.0
20180110,SSE,619625092233.0,33230513439.0,30145529002.0,4205771294.0,88968220.0,623830863527.0
20180111,SSE,621046744130.0,28156920753.0,26735268856.0,4177520514.0,85734540.0,625224264644.0
20180112,SSE,619848249343.0,26368470723.0,27566965510.0,4093318611.0,80954815.0,623941567954.0
20180115,SSE,621497637591.0,36278584789.0,34629196541.0,4379791823.0,132724788.0,625877429414.0
20180116,SSE,625992542194.0,34078228867.0,29583324264.0,4133975739.0,74508764.0,630126517933.0
20180117,SSE,627094987907.0,39842179516.0,38739733803.0,4454773086.0,138072735.0,631549760993.0
20180118,SSE,634228438561.0,36979327828.0,29845877174.0,4477045539.0,103608937.0,638705484100.0
20180119,SSE,636018905560.0,37339370592.0,35548903593.0,4378780910.0,105099649.0,640397686470.0
20180122,SSE,639921300534.0,33237544268.0,29335149294.0,4354081581.0,87925167.0,644275382115.0
20180123,SSE,644564213418.0,37876068321.0,33233155437.0,4455055561.0,86183139.0,649019268979.0
20180124,SSE,646859187212.0,42616129855.0,40321156061.0,4448193750.0,98229541.0,651307380962.0
20180125,SSE,647529134317.0,38141340740.0,37471393635.0,4381538742.0,95255666.0,651910673059.0
20180126,SSE,646634615949.0,34247168309.0,35141686677.0,4269286836.0,76289213.0,650903902785.0
20180129,SSE,648256047965.0,38181209245.0,36559777229.0,4192740627.0,71491288.0,652448788592.0
20180130,SSE,648176166579.0,28745206171.0,28825087557.0,4058242338.0,60408630.0,652234408917.0
20180131,SSE,645400680690.0,28966225507.0,31741711396.0,4054638580.0,73671246.0,649455319270.0
20180201,SSE,636482319607.0,29702648663.0,38621009746.0,4233708630.0,79415607.0,640716028237.0
20180202,SSE,631035437334.0,27287974198.0,32734856471.0,4042598212.0,56031475.0,635078035546.0
20180205,SSE,630054975768.0,29843195422.0,30823656988.0,4322740448.0,104110875.0,634377716216.0
20180206,SSE,619290275865.0,31544870755.0,42309570658.0,4188948545.0,96446231.0,623479224410.0
20180207,SSE,616405478519.0,35263849592.0,38148646938.0,4007914605.0,95806694.0,620413393124.0
20180208,SSE,615710148081.0,25870067541.0,26565397979.0,3785537067.0,80582428.0,619495685148.0
20180209,SSE,604833557210.0,27580819000.0,38457409871.0,3573356841.0,104990562.0,608406914051.0
20180212,SSE,600926938548.0,16839248965.0,20745867627.0,3754839053.0,100772812.0,604681777601.0
20180213,SSE,595328087592.0,16338479817.0,21937330773.0,3824705594.0,72708581.0,599152793186.0
20180214,SSE,587596708400.0,9746397185.0,17477776377.0,3390879358.0,38697420.0,590987587758.0
20180222,SSE,590374192560.0,19397930848.0,16620446688.0,4218365813.0,141429804.0,594592558373.0
20180223,SSE,590318411364.0,17836336744.0,17892117940.0,4279690057.0,80715203.0,594598101421.0
20180226,SSE,592714977109.0,25753904633.0,23357338888.0,4324525319.0,97710691.0,597039502428.0
20180227,SSE,593011785899.0,22856603849.0,22559795059.0,4210700362.0,74280906.0,597222486261.0
20180228,SSE,594617162664.0,21297493208.0,19692116443.0,4152781574.0,90028782.0,598769944238.0
20180301,SSE,595939917864.0,20597765093.0,19275009893.0,4026257637.0,81985449.0,599966175501.0
20180302,SSE,595361568569.0,19133250564.0,19711599859.0,3842126390.0,65974083.0,599203694959.0
20180305,SSE,595049930410.0,18212115131.0,18523753290.0,3948000137.0,87456226.0,598997930547.0
20180306,SSE,597537104191.0,27621735488.0,25134561707.0,4228810764.0,120845036.0,601765914955.0
20180307,SSE,596969079947.0,21333658687.0,21901682931.0,4372211579.0,142019595.0,601341291526.0
20180308,SSE,597940210780.0,19508623178.0,18537492345.0,4143832074.0,80078000.0,602084042854.0
20180309,SSE,597050145863.0,22987739737.0,23877804654.0,4172074169.0,85716362.0,601222220032.0
20180312,SSE,600045856188.0,30147045291.0,27151334966.0,4192577698.0,92955878.0,604238433886.0
20180313,SSE,599568767827.0,23243312776.0,23720401137.0,3983416506.0,83299271.0,603552184333.0
20180314,SSE,600345441237.0,21844321789.0,21067648379.0,3963230726.0,86252615.0,604308671963.0
20180315,SSE,601172365606.0,20560258426.0,19733334057.0,4072190209.0,101371412.0,605244555815.0
20180316,SSE,600603525889.0,19655255713.0,20224095430.0,3832651624.0,70720573.0,604436177513.0
20180319,SSE,601576470724.0,19786309333.0,18813364498.0,4072476369.0,115183057.0,605648947093.0
20180320,SSE,602106366122.0,19071274527.0,18541379129.0,4011255918.0,90705615.0,606117622040.0
20180321,SSE,603579457196.0,24618884450.0,23145793376.0,4183191496.0,113223929.0,607762648692.0
20180322,SSE,603796655509.0,19824211088.0,19607012775.0,3894306402.0,87921061.0,607690961911.0
20180323,SSE,593792703708.0,25850609555.0,35854561356.0,3855268470.0,134572126.0,597647972178.0
20180326,SSE,597411337395.0,24175340823.0,20556707136.0,3755175967.0,108943854.0,601166513362.0
20180327,SSE,599442144212.0,25598099415.0,23567292598.0,3910564069.0,109508379.0,603352708281.0
20180328,SSE,599307494218.0,21615504204.0,21750154198.0,4001345465.0,131261267.0,603308839683.0
20180329,SSE,600145215249.0,24031744677.0,23194023646.0,4173749355.0,130956766.0,604318964604.0
20180330,SSE,598855912677.0,21090897971.0,22380200543.0,4064850235.0,75362505.0,602920762912.0
20180402,SSE,601030714928.0,26034092292.0,23859290041.0,4206509899.0,114597342.0,605237224827.0
20180403,SSE,601169419027.0,19661769790.0,19523065691.0,3950267728.0,72416614.0,605119686755.0
20180404,SSE,598181552536.0,19443610928.0,22431477419.0,3819740711.0,64327859.0,602001293247.0
20180409,SSE,599650337034.0,19593413352.0,18124628854.0,3990578093.0,92769980.0,603640915127.0
20180410,SSE,599080845943.0,21979137912.0,22548629003.0,4362450284.0,139240721.0,603443296227.0
20180411,SSE,599689679276.0,22023899412.0,21415066079.0,4396595995.0,91789260.0,604086275271.0
20180412,SSE,600424988033.0,18548690772.0,17813382015.0,4234501220.0,58490691.0,604659489253.0
20180413,SSE,599833935982.0,16441860274.0,17032912325.0,4227629771.0,73493670.0,604061565753.0
20180416,SSE,601024882857.0,20552602328.0,19361655453.0,4284273761.0,104403224.0,605309156618.0
20180417,SSE,600284382263.0,18703544217.0,19444044811.0,4090618073.0,93695430.0,604375000336.0
20180418,SSE,600098082128.0,20640351247.0,20826651382.0,4211713806.0,121604143.0,604309795934.0
20180419,SSE,599180521526.0,20126295238.0,21043855840.0,4345560275.0,100439088.0,603526081801.0
20180420,SSE,596545372671.0,18648208020.0,21283356875.0,4227127835.0,97231955.0,600772500506.0
20180423,SSE,596995595435.0,17269095574.0,16818872810.0,4153763852.0,86147091.0,601149359287.0
20180424,SSE,596377635708.0,20668951583.0,21286911310.0,4297552965.0,102620337.0,600675188673.0
20180425,SSE,597019402304.0,17402108733.0,16760342137.0,4191882772.0,66085362.0,601211285076.0
20180426,SSE,596178122764.0,17853488136.0,18694767676.0,4068722777.0,61633457.0,600246845541.0
20180427,SSE,592867415552.0,18335751591.0,21646458803.0,3973500134.0,61458180.0,596840915686.0
20180502,SSE,592911559958.0,17814502974.0,17770358568.0,4128773924.0,99870623.0,597040333882.0
20180503,SSE,591987078108.0,17460205873.0,18384687723.0,4185001993.0,84167918.0,596172080101.0
20180504,SSE,590434735762.0,15158223349.0,16710565695.0,4228599065.0,98736108.0,594663334827.0
20180507,SSE,591629638695.0,19854191481.0,18659288548.0,4410626492.0,100528562.0,596040265187.0
20180508,SSE,592400524194.0,20998883416.0,20227997917.0,4722284750.0,149281168.0,597122808944.0
20180509,SSE,593703956355.0,16553893663.0,15250461502.0,4444716543.0,84683609.0,598148672898.0
20180510,SSE,594735071550.0,18640720276.0,17609605081.0,4548945214.0,85473140.0,599284016764.0
20180511,SSE,592719427747.0,17227451352.0,19243095155.0,4392449312.0,74526602.0,597111877059.0
20180514,SSE,592905263679.0,17647263423.0,17461427491.0,4573646168.0,86415258.0,597478909847.0
20180515,SSE,593410196752.0,16843274130.0,16338341057.0,4605082468.0,78345394.0,598015279220.0
20180516,SSE,594416330170.0,18589326461.0,17583193043.0,4596491045.0,82670037.0,599012821215.0
20180517,SSE,595158136870.0,14970481628.0,14228674928.0,4453809437.0,74778911.0,599611946307.0
20180518,SSE,594145598040.0,17450293668.0,18462832498.0,4611049856.0,90639341.0,598756647896.0
20180521,SSE,595880340436.0,22954339139.0,21219596743.0,4774908811.0,91042411.0,600655249247.0
20180522,SSE,597985960989.0,20130655107.0,18025034554.0,4738431993.0,66217588.0,602724392982.0
20180523,SSE,599797085094.0,20767927369.0,18956803264.0,4664544356.0,62945590.0,604461629450.0
20180524,SSE,600564172688.0,16063644818.0,15296557224.0,4648493040.0,58069877.0,605212665728.0
20180525,SSE,598455827921.0,15692437026.0,17800781793.0,4599410124.0,53232829.0,603055238045.0
20180528,SSE,598949037435.0,16829970023.0,16336760509.0,4694646611.0,55866482.0,603643684046.0
20180529,SSE,597965012117.0,17611399398.0,18595424716.0,4817925876.0,72331953.0,602782937993.0
20180530,SSE,595635486365.0,17126411578.0,19455937330.0,4667892780.0,72201621.0,600303379145.0
20180531,SSE,595372987763.0,16761954362.0,17024452964.0,4846718115.0,73765112.0,600219705878.0
20180601,SSE,592445445276.0,14018863627.0,16946406114.0,4799782262.0,64251426.0,597245227538.0
20180604,SSE,590840188900.0,13965747617.0,15571003993.0,4899141075.0,76890586.0,595739329975.0
20180605,SSE,591074705741.0,15907349459.0,15672832618.0,5049180803.0,64045536.0,596123886544.0
20180606,SSE,590709945434.0,15375328504.0,15740088811.0,5119333953.0,71699058.0,595829279387.0
20180607,SSE,590959804095.0,16991538468.0,16741679807.0,5184910940.0,66320004.0,596144715035.0
20180608,SSE,589088015126.0,14348962045.0,16220751014.0,4922931680.0,60109192.0,594010946806.0
20180611,SSE,588485005458.0,12811528887.0,13414538555.0,5065021647.0,71841306.0,593550027105.0
20180612,SSE,588519533549.0,15173608534.0,15139080443.0,5296550864.0,84532721.0,593816084413.0
20180613,SSE,587140793988.0,13060641153.0,14439380714.0,5164104663.0,70725188.0,592304898651.0
20180614,SSE,586589031060.0,13899414423.0,14451177351.0,5357453951.0,104221319.0,591946485011.0
20180615,SSE,581569561529.0,13870458115.0,18889927646.0,5203729466.0,82037661.0,586773290995.0
20180619,SSE,567849953722.0,19075444718.0,32795052525.0,5227368870.0,133522454.0,573077322592.0
20180620,SSE,564645936794.0,14020014696.0,17224031624.0,4975410577.0,71138015.0,569621347371.0
20180621,SSE,560808688544.0,14801185938.0,18638434188.0,5173590371.0,115815936.0,565982278915.0
20180622,SSE,558196136785.0,11381925807.0,13994477566.0,4965075587.0,58778229.0,563161212372.0
20180625,SSE,556875334203.0,11757098952.0,13077901534.0,5258259159.0,99921430.0,562133593362.0
20180626,SSE,556636105493.0,12576291197.0,12815519907.0,5190087507.0,74059593.0,561826193000.0
20180627,SSE,555886983956.0,13003328483.0,13752450020.0,5380856938.0,115157843.0,561267840894.0
20180628,SSE,555085668675.0,11535268881.0,12336584162.0,5240011996.0,79984555.0,560325680671.0
20180629,SSE,553522416883.0,13029951416.0,14593203208.0,5436131119.0,99427264.0,558958548002.0
20180702,SSE,552525463016.0,13822745385.0,14819699252.0,5458416822.0,115421849.0,557983879838.0
20180703,SSE,552690105369.0,15247081510.0,15082439157.0,5506176897.0,118558812.0,558196282266.0
20180704,SSE,549414701907.0,9905878496.0,13181281958.0,5493794460.0,100734396.0,554908496367.0
20180705,SSE,546020776894.0,10580490356.0,13974415369.0,5496431511.0,100017594.0,551517208405.0
20180706,SSE,543489414407.0,12896260866.0,15427623353.0,5537590785.0,100828306.0,549027005192.0
20180709,SSE,542012974350.0,11893969265.0,13370409322.0,5839181315.0,102767274.0,547852155665.0
20180710,SSE,541878346674.0,11889884588.0,12024512264.0,5966656000.0,88033139.0,547845002674.0
20180711,SSE,539487029849.0,11414643702.0,13805960527.0,5788339371.0,98760946.0,545275369220.0
20180712,SSE,540247707295.0,15746282870.0,14985605424.0,5941896813.0,88124579.0,546189604108.0
20180713,SSE,538340528874.0,12579504304.0,14486682725.0,5820349633.0,68637546.0,544160878507.0
20180716,SSE,538527240085.0,12420489520.0,12233778309.0,5861316303.0,79501499.0,544388556388.0
20180717,SSE,539103125579.0,12094301625.0,11518416131.0,5727286398.0,82144955.0,544830411977.0
20180718,SSE,538559054640.0,13026577818.0,13570648757.0,5811492042.0,84462991.0,544370546682.0
20180719,SSE,536935848153.0,11438197205.0,13061403692.0,5878888200.0,93128766.0,542814736353.0
20180720,SSE,534906513435.0,14671769781.0,16701104499.0,6136873656.0,102540870.0,541043387091.0
20180723,SSE,534001675133.0,18718068986.0,19622907288.0,6397855276.0,123205923.0,540399530409.0
20180724,SSE,533653883014.0,23085285680.0,23433077799.0,6382280611.0,93078625.0,540036163625.0
20180725,SSE,534356990639.0,16247928748.0,15544821123.0,6477483650.0,102713437.0,540834474289.0
20180726,SSE,535637045599.0,15646868964.0,14366814004.0,6388379072.0,81111324.0,542025424671.0
20180727,SSE,533848926644.0,11868522985.0,13656641940.0,6307997397.0,58855822.0,540156924041.0
20180730,SSE,533625257352.0,13499201549.0,13722870841.0,6323144046.0,69563110.0,539948401398.0
20180731,SSE,532916979958.0,10350154724.0,11058432118.0,6323746312.0,66856262.0,539240726270.0
20180801,SSE,532068228664.0,14136774587.0,14985525881.0,6390027018.0,100488448.0,538458255682.0
20180802,SSE,531174597926.0,14845841305.0,15739472043.0,6029617951.0,83721012.0,537204215877.0
20180803,SSE,528810410344.0,10333969639.0,12698157221.0,5914439526.0,81369704.0,534724849870.0
20180806,SSE,527221789894.0,11333112080.0,12921732530.0,5923876449.0,87366585.0,533145666343.0
20180807,SSE,526392695026.0,13647402301.0,14476497169.0,6336605165.0,124365541.0,532729300191.0
20180808,SSE,524900753790.0,12148588753.0,13640529989.0,6241793362.0,95724617.0,531142547152.0
20180809,SSE,524594839263.0,14142305620.0,14448220147.0,6338098485.0,90919810.0,530932937748.0
20180810,SSE,522761979654.0,10717952130.0,12550811739.0,6135874304.0,49297801.0,528897853958.0
20180813,SSE,523722819418.0,12671000229.0,11710160465.0,6164675703.0,72899310.0,529887495121.0
20180814,SSE,523860576227.0,10256594514.0,10118837705.0,6203418052.0,69657655.0,530063994279.0
20180815,SSE,523990050346.0,11141066644.0,11011592525.0,6247687582.0,95509976.0,530237737928.0
20180816,SSE,524345738232.0,11552028924.0,11196341038.0,6203281111.0,83446586.0,530549019343.0
20180817,SSE,522737305344.0,10584388929.0,12192821817.0,6015570649.0,71621983.0,528752875993.0
20180820,SSE,521423369451.0,10005551727.0,11319487620.0,6208372544.0,80791652.0,527631741995.0
20180821,SSE,520047585196.0,11255287603.0,12631071858.0,6419033360.0,89835700.0,526466618556.0
20180822,SSE,519198247652.0,8808470525.0,9657808069.0,6316111281.0,56607463.0,525514358933.0
20180823,SSE,519453159802.0,10581583524.0,10326671374.0,6383123967.0,70671234.0,525836283769.0
20180824,SSE,517564307970.0,9256500111.0,11145351943.0,6378304598.0,75249287.0,523942612568.0
20180827,SSE,517733060699.0,14074148451.0,13905395722.0,6523414365.0,76750583.0,524256475064.0
20180828,SSE,517411048779.0,11740251929.0,12062263849.0,6441768720.0,59946345.0,523852817499.0
20180829,SSE,516904203797.0,9502132118.0,10008977100.0,6431264111.0,54132688.0,523335467908.0
20180830,SSE,516491992705.0,9908792121.0,10321003213.0,6351537378.0,55828287.0,522843530083.0
20180831,SSE,513956376664.0,9304499170.0,11840115211.0,6267288303.0,65117617.0,520223664967.0
20180903,SSE,513290990055.0,9043222146.0,9708608755.0,6395865599.0,58590497.0,519686855654.0
20180904,SSE,513182458484.0,11223222793.0,11331754364.0,6537663165.0,62339495.0,519720121649.0
20180905,SSE,513010193653.0,10053210464.0,10225475295.0,6412329432.0,71523337.0,519422523085.0
20180906,SSE,513256982251.0,9608460313.0,9361671715.0,6381320737.0,71344598.0,519638302988.0
20180907,SSE,511137883134.0,9921058468.0,12040157585.0,6369394369.0,67828582.0,517507277503.0
20180910,SSE,509479248423.0,8875075988.0,10533710699.0,6281188399.0,71392454.0,515760436822.0
20180911,SSE,508866481182.0,8123435533.0,8736202774.0,6189182779.0,66991260.0,515055663961.0
20180912,SSE,508765532668.0,8002677463.0,8103625977.0,6078028399.0,53396585.0,514843561067.0
20180913,SSE,508467827596.0,10491937857.0,10789642929.0,6142824037.0,79973742.0,514610651633.0
20180914,SSE,506009498734.0,8382618687.0,10840947549.0,6177933709.0,79063831.0,512187432443.0
20180917,SSE,504993237974.0,7289053681.0,8305314441.0,6134288971.0,63432849.0,511127526945.0
20180918,SSE,504631339773.0,11111861194.0,11473759395.0,6504278160.0,128132152.0,511135617933.0
20180919,SSE,502678815221.0,12564942247.0,14517466799.0,6653614608.0,114817339.0,509332429829.0
20180920,SSE,501271444915.0,9394648535.0,10802018841.0,6578365657.0,53490103.0,507849810572.0
20180921,SSE,498777152833.0,14696528658.0,17190820740.0,6719384774.0,93752742.0,505496537607.0
20180925,SSE,499653250243.0,12021682276.0,11145584866.0,6508750346.0,64425761.0,506162000589.0
20180926,SSE,499093628658.0,14668100299.0,15227721884.0,6803855948.0,116614737.0,505897484606.0
20180927,SSE,497647547449.0,11426969305.0,12873050514.0,6625016713.0,65247485.0,504272564162.0
20180928,SSE,492989890192.0,11449499099.0,16107156356.0,6579183795.0,58705161.0,499569073987.0
20181008,SSE,496333847498.0,16604993961.0,13261036655.0,6373994495.0,69433659.0,502707841993.0
20181009,SSE,496798379422.0,10432337592.0,9967805668.0,6530696251.0,75195563.0,503329075673.0
20181010,SSE,496692130111.0,10218445695.0,10324695006.0,6500221990.0,70941838.0,503192352101.0
20181011,SSE,489362003478.0,15297236005.0,22627362638.0,6030483129.0,104965230.0,495392486607.0
20181012,SSE,482668130673.0,11922965049.0,18616837854.0,6079655317.0,108646344.0,488747785990.0
20181015,SSE,479708528447.0,9157493390.0,12117095616.0,6092805129.0,91507386.0,485801333576.0
20181016,SSE,475305265051.0,9694959177.0,14098222573.0,6065648758.0,98620186.0,481370913809.0
20181017,SSE,472763724975.0,10739959108.0,13281499184.0,6137710907.0,95738444.0,478901435882.0
20181018,SSE,470159311394.0,8745084559.0,11349498140.0,6043042341.0,89550148.0,476202353735.0
20181019,SSE,466894473017.0,11285156917.0,14549995294.0,6232229493.0,109652823.0,473126702510.0
20181022,SSE,467650052315.0,20309061131.0,19553481833.0,6791075394.0,156385311.0,474441127709.0
20181023,SSE,468538487733.0,16983554594.0,16095119176.0,6631903685.0,115056142.0,475170391418.0
20181024,SSE,468452250683.0,14172966361.0,14259203411.0,6860620570.0,144239474.0,475312871253.0
20181025,SSE,468119435880.0,13668498858.0,14001313661.0,6836314483.0,111500191.0,474955750363.0
20181026,SSE,467169473732.0,12558394091.0,13508356239.0,6664265205.0,86679903.0,473833738937.0
20181029,SSE,467955868930.0,12025543449.0,11239148251.0,6531241081.0,85497954.0,474487110011.0
20181030,SSE,466687049647.0,14558310220.0,15827129503.0,6837184270.0,139169130.0,473524233917.0
20181031,SSE,466160156064.0,14153148211.0,14680041794.0,6996687698.0,116379112.0,473156843762.0
20181101,SSE,465870071113.0,17137760322.0,17427845273.0,7110507259.0,117357218.0,472980578372.0
20181102,SSE,464828736776.0,19849091432.0,20890425769.0,7219800758.0,117875872.0,472048537534.0
20181105,SSE,466115042931.0,17349425406.0,16063119251.0,7133329443.0,94767119.0,473248372374.0
20181106,SSE,466581343674.0,12923212376.0,12456911633.0,7093425549.0,102326506.0,473674769223.0
20181107,SSE,466902793065.0,14621002708.0,14299553317.0,7021329203.0,103129340.0,473924122268.0
20181108,SSE,466765910615.0,12385496362.0,12522378812.0,7064055157.0,112574016.0,473829965772.0
20181109,SSE,467006411052.0,11625464457.0,11384964020.0,6821653091.0,72131065.0,473828064143.0
20181112,SSE,468798812385.0,14356508015.0,12564106682.0,7085752463.0,104013068.0,475884564848.0
20181113,SSE,469651112918.0,20293806356.0,19441505823.0,7266641493.0,117261606.0,476917754411.0
20181114,SSE,471116952401.0,18183832857.0,16717993374.0,7124584991.0,106882673.0,478241537392.0
20181115,SSE,472299226346.0,17736388343.0,16554114398.0,7306742853.0,114308897.0,479605969199.0
20181116,SSE,471864498649.0,21651038537.0,22085766234.0,7106374624.0,82199523.0,478970873273.0
20181119,SSE,473853869819.0,22508046500.0,20518675330.0,7184138720.0,95842193.0,481038008539.0
20181120,SSE,475056211230.0,19727286603.0,18524945192.0,6950610858.0,98962184.0,482006822088.0
20181121,SSE,475233531812.0,15593288878.0,15415968296.0,6935754162.0,95112993.0,482169285974.0
20181122,SSE,475446195531.0,13029992143.0,12817328424.0,7127088124.0,130992636.0,482573283655.0
20181123,SSE,472689959467.0,13603404960.0,16359641024.0,6617169688.0,67836185.0,479307129155.0
20181126,SSE,472356414911.0,10603880737.0,10937425293.0,6857826040.0,118938280.0,479214240951.0
20181127,SSE,472518416397.0,10311147295.0,10149145809.0,6921498998.0,79656181.0,479439915395.0
20181128,SSE,471762479372.0,12021271672.0,12777208697.0,6923062423.0,83969136.0,478685541795.0
20181129,SSE,470522757696.0,12564996083.0,13804717759.0,6830567716.0,91752563.0,477353325412.0
20181130,SSE,468743399761.0,9849274010.0,11628631945.0,6859536436.0,87240526.0,475602936197.0
20181203,SSE,469245598003.0,19418344647.0,18916146405.0,7229588572.0,107693093.0,476475186575.0
20181204,SSE,469135276155.0,14808620158.0,14918942006.0,7242872772.0,87965523.0,476378148927.0
20181205,SSE,469009226480.0,13499366103.0,13625415778.0,7160856135.0,92081478.0,476170082615.0
20181206,SSE,470166691402.0,13740797451.0,12583332529.0,6875567625.0,95360789.0,477042259027.0
20181207,SSE,469305526326.0,9143076755.0,10004241831.0,6759226739.0,57060322.0,476064753065.0
20181210,SSE,469640781271.0,9392252034.0,9056997089.0,6695463184.0,85699396.0,476336244455.0
20181211,SSE,469293601471.0,8066600259.0,8413780059.0,6605861080.0,60569806.0,475899462551.0
20181212,SSE,469095178379.0,8481922578.0,8680345670.0,6694523570.0,66607188.0,475789701949.0
20181213,SSE,469359024408.0,13842831461.0,13578985432.0,6963324308.0,111139010.0,476322348716.0
20181214,SSE,467350549615.0,11184369207.0,13192844000.0,6547021947.0,72131272.0,473897571562.0
20181217,SSE,467686247128.0,10124632791.0,9788935278.0,6525530228.0,71970641.0,474211777356.0
20181218,SSE,467607913280.0,9500577283.0,9578911131.0,6372120420.0,80386476.0,473980033700.0
20181219,SSE,466785517266.0,8303447450.0,9125843464.0,6137428055.0,55914775.0,472922945321.0
20181220,SSE,467700056854.0,10660245549.0,9745705961.0,6036356598.0,81714578.0,473736413452.0
20181221,SSE,466520920169.0,8910954619.0,10090091304.0,5785523079.0,56456627.0,472306443248.0
20181224,SSE,466694612238.0,8058286210.0,7884594141.0,5942677972.0,94574734.0,472637290210.0
20181225,SSE,465977437816.0,11198667482.0,11915841904.0,5928863416.0,119637128.0,471906301232.0
20181226,SSE,465856293975.0,9000312721.0,9121456562.0,5920976211.0,84598375.0,471777270186.0
20181227,SSE,465434791784.0,10297963054.0,10719465245.0,6010134313.0,83213099.0,471444926097.0
20181228,SSE,461987376518.0,8230524637.0,11677939903.0,5807127861.0,64719099.0,467794504379.0
20190102,SSE,462351753650.0,9073727044.0,8709349912.0,5714014114.0,59090736.0,468065767764.0
20190103,SSE,461887281000.0,9187520553.0,9651993203.0,5854923494.0,79531121.0,467742204494.0
20190104,SSE,462250410730.0,13853868136.0,13490738406.0,6000748759.0,86298981.0,468251159489.0
20190107,SSE,462458355219.0,14233893206.0,14025948717.0,6202011515.0,85494668.0,468660366734.0
20190108,SSE,462472442828.0,11671232442.0,11657144833.0,6248209523.0,82313082.0,468720652351.0
20190109,SSE,461689424168.0,15835508236.0,16618526896.0,6378866662.0,119948522.0,468068290830.0
20190110,SSE,461532461893.0,12334029026.0,12490991301.0,6192451286.0,62726774.0,467724913179.0
20190111,SSE,460323775055.0,10693099107.0,11901785945.0,6193426510.0,74373837.0,466517201565.0
20190114,SSE,460947518023.0,10515099617.0,9891356649.0,6152103839.0,68758482.0,467099621862.0
20190115,SSE,460338181685.0,13309807755.0,13919144093.0,6283407281.0,103821564.0,466621588966.0
20190116,SSE,459037993700.0,11569730459.0,12869918444.0,6206006131.0,73966702.0,465243999831.0
20190117,SSE,458623130349.0,12779748834.0,13194612185.0,6214380734.0,84602763.0,464837511083.0
20190118,SSE,456668089943.0,14120002196.0,16075042602.0,6158543944.0,89668703.0,462826633887.0
20190121,SSE,456096234282.0,13498362054.0,14070217715.0,6168221783.0,74371675.0,462264456065.0
20190122,SSE,457169620037.0,12374675830.0,11301290075.0,5848841730.0,65296518.0,463018461767.0
20190123,SSE,456649149578.0,9593360205.0,10113830664.0,5832369934.0,56171399.0,462481519512.0
20190124,SSE,455891899209.0,11851467748.0,12608718117.0,5946914033.0,67123886.0,461838813242.0
20190125,SSE,452458688565.0,11015660718.0,14448871362.0,5889191154.0,67776226.0,458347879719.0
20190128,SSE,451157215423.0,11655037680.0,12956510822.0,5829807368.0,64843482.0,456987022791.0
20190129,SSE,449290368941.0,10847545001.0,12714391483.0,5698281406.0,75864009.0,454988650347.0
20190130,SSE,447513860371.0,8176777752.0,9953286322.0,5401332274.0,39910790.0,452915192645.0
20190131,SSE,444603342646.0,10652745126.0,13563262851.0,5291350496.0,58254087.0,449894693142.0
20190201,SSE,438481618486.0,9167907563.0,15289631723.0,5144864769.0,31657502.0,443626483255.0
20190211,SSE,441723272260.0,15233912673.0,11992258899.0,5560296496.0,84886710.0,447283568756.0
20190212,SSE,443198997474.0,16272580034.0,14796854820.0,5745346454.0,102740624.0,448944343928.0
20190213,SSE,445877866753.0,23431620671.0,20752751392.0,6129272703.0,128903463.0,452007139456.0
20190214,SSE,447472501005.0,18337413351.0,16742779099.0,6088145915.0,72213938.0,453560646920.0
20190215,SSE,449451785567.0,18711205768.0,16731921206.0,5736632641.0,62770838.0,455188418208.0
20190218,SSE,451906400957.0,25117598055.0,22662982665.0,6391062117.0,131952212.0,458297463074.0
20190219,SSE,455192743990.0,28625386942.0,25339043909.0,6260721866.0,95927415.0,461453465856.0
20190220,SSE,457184818881.0,23002027138.0,21009952247.0,6310806597.0,111531397.0,463495625478.0
20190221,SSE,459234809159.0,29335136538.0,27285146260.0,6528489311.0,133286029.0,465763298470.0
20190222,SSE,461954859629.0,32419548758.0,29699498288.0,6633130375.0,114939138.0,468587990004.0
20190225,SSE,472704160094.0,60257058289.0,49507757824.0,7439612565.0,200638905.0,480143772659.0
20190226,SSE,478155076613.0,61778381795.0,56327465276.0,7165801337.0,133725527.0,485320877950.0
20190227,SSE,484549266902.0,51742607833.0,45348417544.0,7058566556.0,139523339.0,491607833458.0
20190228,SSE,484555495642.0,34284100277.0,34277871537.0,6802372203.0,101264475.0,491357867845.0
20190301,SSE,484550188993.0,36818605234.0,36823911883.0,6972755094.0,133443657.0,491522944087.0
20190304,SSE,491719613594.0,61979499206.0,54810074605.0,7567714697.0,204847024.0,499287328291.0
20190305,SSE,499610506952.0,50007817140.0,42116923782.0,7526294846.0,144120423.0,507136801798.0
20190306,SSE,509414858080.0,65730782793.0,55926431665.0,7873221114.0,204309161.0,517288079194.0
20190307,SSE,519397678384.0,71739590059.0,61756769755.0,7681681754.0,168824246.0,527079360138.0
