searchDate,Unnamed: 0,exchangeRate,profitRate,searchDate,searchDate.1,trdAmt
2019-03-01,0.0,2.52,24.87,2019-03-01,2019-03-01,3580.57
2019-02-28,0.0,2.65,24.56,2019-02-28,2019-02-28,3643.0
2019-02-27,0.0,3.46,24.47,2019-02-27,2019-02-27,4799.21
2019-02-26,0.0,4.34,24.63,2019-02-26,2019-02-26,6063.0
2019-02-25,0.0,4.05,24.74,2019-02-25,2019-02-25,5753.68
2019-02-22,0.0,2.62,23.47,2019-02-22,2019-02-22,3582.73
2019-02-21,0.0,2.72,22.94,2019-02-21,2019-02-21,3668.1
2019-02-20,0.0,2.31,23.0,2019-02-20,2019-02-20,2941.8
2019-02-19,0.0,2.75,22.93,2019-02-19,2019-02-19,3592.43
2019-02-18,0.0,2.5,22.89,2019-02-18,2019-02-18,3243.1
2019-02-15,0.0,1.94,22.08,2019-02-15,2019-02-15,2500.01
2019-02-14,0.0,1.96,22.24,2019-02-14,2019-02-14,2479.64
2019-02-13,0.0,2.01,22.09,2019-02-13,2019-02-13,2674.93
2019-02-12,0.0,1.64,21.69,2019-02-12,2019-02-12,2092.49
2019-02-11,0.0,1.34,21.43,2019-02-11,2019-02-11,1833.29
2019-02-01,0.0,1.15,20.82,2019-02-01,2019-02-01,1507.62
2019-01-31,0.0,1.31,20.25,2019-01-31,2019-01-31,1606.27
2019-01-30,0.0,1.04,20.32,2019-01-30,2019-01-30,1373.77
2019-01-29,0.0,1.33,20.6,2019-01-29,2019-01-29,1681.13
2019-01-28,0.0,1.29,20.82,2019-01-28,2019-01-28,1729.07
2019-01-25,0.0,1.35,20.89,2019-01-25,2019-01-25,1784.81
2019-01-24,0.0,1.29,20.91,2019-01-24,2019-01-24,1699.62
2019-01-23,0.0,1.07,20.81,2019-01-23,2019-01-23,1395.36
2019-01-22,0.0,1.2,20.78,2019-01-22,2019-01-22,1559.49
2019-01-21,0.0,1.31,21.01,2019-01-21,2019-01-21,1736.95
2019-01-18,0.0,1.41,20.88,2019-01-18,2019-01-18,1764.29
2019-01-17,0.0,1.34,20.67,2019-01-17,2019-01-17,1679.67
2019-01-16,0.0,1.38,20.86,2019-01-16,2019-01-16,1784.79
2019-01-15,0.0,1.43,20.89,2019-01-15,2019-01-15,1833.43
2019-01-14,0.0,1.38,20.58,2019-01-14,2019-01-14,1678.7
2019-01-11,0.0,1.38,20.73,2019-01-11,2019-01-11,1742.53
2019-01-10,0.0,1.45,20.57,2019-01-10,2019-01-10,1813.21
2019-01-09,0.0,1.71,20.63,2019-01-09,2019-01-09,2196.71
2019-01-08,0.0,1.47,20.52,2019-01-08,2019-01-08,1778.28
2019-01-07,0.0,1.59,20.54,2019-01-07,2019-01-07,2023.78
2019-01-04,0.0,1.48,20.2,2019-01-04,2019-01-04,1835.48
2019-01-03,0.0,1.11,19.66,2019-01-03,2019-01-03,1455.88
2019-01-02,0.0,0.94,19.81,2019-01-02,2019-01-02,1290.8
2018-12-28,0.0,1.02,20.0,2018-12-28,2018-12-28,1347.91
2018-12-27,0.0,1.17,19.93,2018-12-27,2018-12-27,1529.17
2018-12-26,0.0,1.06,20.17,2018-12-26,2018-12-26,1394.29
2018-12-25,0.0,1.28,20.23,2018-12-25,2018-12-25,1619.44
2018-12-24,0.0,0.94,20.4,2018-12-24,2018-12-24,1287.29
2018-12-21,0.0,1.05,20.22,2018-12-21,2018-12-21,1360.17
2018-12-20,0.0,1.0,20.41,2018-12-20,2018-12-20,1298.57
2018-12-19,0.0,0.96,20.38,2018-12-19,2018-12-19,1244.63
2018-12-18,0.0,1.02,20.67,2018-12-18,2018-12-18,1317.6
2018-12-17,0.0,1.04,20.84,2018-12-17,2018-12-17,1364.97
2018-12-14,0.0,1.3,20.91,2018-12-14,2018-12-14,1688.04
2018-12-13,0.0,1.29,21.44,2018-12-13,2018-12-13,1737.94
2018-12-12,0.0,1.06,21.2,2018-12-12,2018-12-12,1343.42
2018-12-11,0.0,1.04,21.16,2018-12-11,2018-12-11,1332.85
2018-12-10,0.0,1.1,20.98,2018-12-10,2018-12-10,1424.26
2018-12-07,0.0,1.09,21.26,2018-12-07,2018-12-07,1436.53
2018-12-06,0.0,1.37,21.27,2018-12-06,2018-12-06,1831.06
2018-12-05,0.0,1.48,21.74,2018-12-05,2018-12-05,1892.09
2018-12-04,0.0,1.49,21.84,2018-12-04,2018-12-04,1873.78
2018-12-03,0.0,1.76,21.75,2018-12-03,2018-12-03,2383.85
2018-11-30,0.0,1.24,21.05,2018-11-30,2018-11-30,1556.45
2018-11-29,0.0,1.46,20.85,2018-11-29,2018-11-29,1818.97
2018-11-28,0.0,1.44,21.32,2018-11-28,2018-11-28,1733.95
2018-11-27,0.0,1.21,21.02,2018-11-27,2018-11-27,1498.69
2018-11-26,0.0,1.21,20.93,2018-11-26,2018-11-26,1473.78
2018-11-23,0.0,1.73,21.0,2018-11-23,2018-11-23,2090.18
2018-11-22,0.0,1.48,21.79,2018-11-22,2018-11-22,1807.25
2018-11-21,0.0,1.59,21.8,2018-11-21,2018-11-21,1982.77
2018-11-20,0.0,1.88,21.69,2018-11-20,2018-11-20,2417.47
2018-11-19,0.0,1.95,22.3,2018-11-19,2018-11-19,2442.3
2018-11-16,0.0,2.1,22.18,2018-11-16,2018-11-16,2712.81
2018-11-15,0.0,1.88,22.0,2018-11-15,2018-11-15,2325.09
2018-11-14,0.0,2.11,21.68,2018-11-14,2018-11-14,2345.0
2018-11-13,0.0,2.37,21.76,2018-11-13,2018-11-13,2665.82
2018-11-12,0.0,1.67,21.42,2018-11-12,2018-11-12,1972.87
2018-11-09,0.0,1.3,20.9,2018-11-09,2018-11-09,1533.64
2018-11-08,0.0,1.41,20.99,2018-11-08,2018-11-08,1684.34
2018-11-07,0.0,1.53,21.1,2018-11-07,2018-11-07,1922.13
2018-11-06,0.0,1.42,21.19,2018-11-06,2018-11-06,1755.7
2018-11-05,0.0,1.75,21.28,2018-11-05,2018-11-05,2254.4
2018-11-02,0.0,1.82,21.29,2018-11-02,2018-11-02,2438.57
2018-11-01,0.0,1.61,20.57,2018-11-01,2018-11-01,2039.43
2018-10-31,0.0,1.32,20.37,2018-10-31,2018-10-31,1604.67
2018-10-30,0.0,1.28,20.09,2018-10-30,2018-10-30,1589.64
2018-10-29,0.0,1.05,19.9,2018-10-29,2018-10-29,1333.18
2018-10-26,0.0,1.26,20.3,2018-10-26,2018-10-26,1494.5
2018-10-25,0.0,1.31,20.33,2018-10-25,2018-10-25,1554.03
2018-10-24,0.0,1.25,20.4,2018-10-24,2018-10-24,1556.57
2018-10-23,0.0,1.51,20.45,2018-10-23,2018-10-23,1912.99
2018-10-22,0.0,1.76,20.86,2018-10-22,2018-10-22,2254.96
2018-10-19,0.0,1.26,19.88,2018-10-19,2018-10-19,1574.36
2018-10-18,0.0,1.1,19.36,2018-10-18,2018-10-18,1333.95
2018-10-17,0.0,1.16,19.89,2018-10-17,2018-10-17,1415.35
2018-10-16,0.0,1.09,19.71,2018-10-16,2018-10-16,1369.83
2018-10-15,0.0,1.07,20.05,2018-10-15,2018-10-15,1339.03
2018-10-12,0.0,1.42,20.29,2018-10-12,2018-10-12,1663.37
2018-10-11,0.0,1.59,20.23,2018-10-11,2018-10-11,1889.6
2018-10-10,0.0,0.95,21.62,2018-10-10,2018-10-10,1251.62
2018-10-09,0.0,0.92,21.65,2018-10-09,2018-10-09,1219.59
2018-10-08,0.0,1.12,21.67,2018-10-08,2018-10-08,1477.1
2018-09-28,0.0,1.07,22.54,2018-09-28,2018-09-28,1387.32
2018-09-27,0.0,1.31,22.35,2018-09-27,2018-09-27,1637.48
2018-09-26,0.0,1.26,22.64,2018-09-26,2018-09-26,1674.58
2018-09-25,0.0,1.03,22.48,2018-09-25,2018-09-25,1352.22
2018-09-21,0.0,1.36,22.61,2018-09-21,2018-09-21,1736.22
2018-09-20,0.0,1.23,22.21,2018-09-20,2018-09-20,1469.57
2018-09-19,0.0,1.38,22.26,2018-09-19,2018-09-19,1812.49
2018-09-18,0.0,1.11,22.0,2018-09-18,2018-09-18,1412.06
2018-09-17,0.0,0.98,21.62,2018-09-17,2018-09-17,1201.16
2018-09-14,0.0,1.11,21.96,2018-09-14,2018-09-14,1461.65
2018-09-13,0.0,1.08,22.13,2018-09-13,2018-09-13,1488.68
2018-09-12,0.0,0.9,21.97,2018-09-12,2018-09-12,1250.92
2018-09-11,0.0,0.97,22.06,2018-09-11,2018-09-11,1308.53
2018-09-10,0.0,1.09,22.03,2018-09-10,2018-09-10,1456.18
2018-09-07,0.0,1.11,22.44,2018-09-07,2018-09-07,1583.76
2018-09-06,0.0,1.0,22.42,2018-09-06,2018-09-06,1434.46
2018-09-05,0.0,1.15,22.58,2018-09-05,2018-09-05,1521.81
2018-09-04,0.0,1.12,22.96,2018-09-04,2018-09-04,1551.55
2018-09-03,0.0,1.0,22.69,2018-09-03,2018-09-03,1386.73
2018-08-31,0.0,0.96,22.71,2018-08-31,2018-08-31,1345.77
2018-08-30,0.0,1.09,22.96,2018-08-30,2018-08-30,1474.73
2018-08-29,0.0,1.07,23.31,2018-08-29,2018-08-29,1455.09
2018-08-28,0.0,1.13,23.44,2018-08-28,2018-08-28,1669.62
2018-08-27,0.0,1.24,23.43,2018-08-27,2018-08-27,1823.9
2018-08-24,0.0,0.98,22.86,2018-08-24,2018-08-24,1370.43
2018-08-23,0.0,0.98,22.9,2018-08-23,2018-08-23,1446.57
2018-08-22,0.0,0.93,22.76,2018-08-22,2018-08-22,1311.45
2018-08-21,0.0,1.04,23.03,2018-08-21,2018-08-21,1591.37
2018-08-20,0.0,1.05,22.71,2018-08-20,2018-08-20,1514.36
2018-08-17,0.0,1.07,22.57,2018-08-17,2018-08-17,1504.57
2018-08-16,0.0,1.1,22.96,2018-08-16,2018-08-16,1537.54
2018-08-15,0.0,1.14,23.18,2018-08-15,2018-08-15,1599.34
2018-08-14,0.0,1.06,23.68,2018-08-14,2018-08-14,1563.19
2018-08-13,0.0,1.12,23.8,2018-08-13,2018-08-13,1716.23
2018-08-10,0.0,1.12,23.72,2018-08-10,2018-08-10,1655.77
2018-08-09,0.0,1.4,23.55,2018-08-09,2018-08-09,1964.83
2018-08-08,0.0,1.22,22.94,2018-08-08,2018-08-08,1707.51
2018-08-07,0.0,1.21,23.39,2018-08-07,2018-08-07,1699.64
2018-08-06,0.0,1.12,22.76,2018-08-06,2018-08-06,1587.55
2018-08-03,0.0,1.07,23.24,2018-08-03,2018-08-03,1559.79
2018-08-02,0.0,1.49,23.65,2018-08-02,2018-08-02,2100.75
2018-08-01,0.0,1.22,24.23,2018-08-01,2018-08-01,1771.02
2018-07-31,0.0,1.05,24.66,2018-07-31,2018-07-31,1544.28
2018-07-30,0.0,1.26,24.66,2018-07-30,2018-07-30,1809.4
2018-07-27,0.0,1.34,25.01,2018-07-27,2018-07-27,1797.66
2018-07-26,0.0,1.62,25.18,2018-07-26,2018-07-26,2238.97
2018-07-25,0.0,1.51,25.43,2018-07-25,2018-07-25,2314.69
2018-07-24,0.0,1.74,25.45,2018-07-24,2018-07-24,2657.03
2018-07-23,0.0,1.43,25.07,2018-07-23,2018-07-23,2254.5
2018-07-20,0.0,1.21,24.94,2018-07-20,2018-07-20,1930.57
2018-07-19,0.0,1.15,24.66,2018-07-19,2018-07-19,1821.92
2018-07-18,0.0,1.25,24.84,2018-07-18,2018-07-18,1993.42
2018-07-17,0.0,1.14,25.03,2018-07-17,2018-07-17,1857.51
2018-07-16,0.0,1.19,25.08,2018-07-16,2018-07-16,1965.4
2018-07-13,0.0,1.34,25.1,2018-07-13,2018-07-13,2206.84
2018-07-12,0.0,1.52,24.99,2018-07-12,2018-07-12,2470.09
2018-07-11,0.0,1.29,24.3,2018-07-11,2018-07-11,2040.47
2018-07-10,0.0,1.18,24.78,2018-07-10,2018-07-10,1945.38
2018-07-09,0.0,1.17,24.6,2018-07-09,2018-07-09,1920.74
2018-07-06,0.0,1.35,23.99,2018-07-06,2018-07-06,2088.59
2018-07-05,0.0,1.18,23.89,2018-07-05,2018-07-05,1831.73
2018-07-04,0.0,1.24,24.42,2018-07-04,2018-07-04,1996.38
2018-07-03,0.0,1.4,24.91,2018-07-03,2018-07-03,2329.76
2018-07-02,0.0,1.32,24.73,2018-07-02,2018-07-02,2104.28
2018-06-29,0.0,1.33,25.13,2018-06-29,2018-06-29,2083.73
2018-06-28,0.0,1.14,24.36,2018-06-28,2018-06-28,1777.33
2018-06-27,0.0,1.18,24.65,2018-06-27,2018-06-27,1848.67
2018-06-26,0.0,1.22,24.98,2018-06-26,2018-06-26,1887.13
2018-06-25,0.0,1.11,24.84,2018-06-25,2018-06-25,1758.2
2018-06-22,0.0,1.14,24.99,2018-06-22,2018-06-22,1729.37
2018-06-21,0.0,1.3,24.72,2018-06-21,2018-06-21,1978.26
2018-06-20,0.0,1.27,25.24,2018-06-20,2018-06-20,1957.48
2018-06-19,0.0,1.6,24.93,2018-06-19,2018-06-19,2331.18
2018-06-15,0.0,1.19,26.42,2018-06-15,2018-06-15,1950.28
2018-06-14,0.0,0.98,26.87,2018-06-14,2018-06-14,1709.06
2018-06-13,0.0,1.06,27.01,2018-06-13,2018-06-13,1887.83
2018-06-12,0.0,1.07,27.44,2018-06-12,2018-06-12,1995.38
2018-06-11,0.0,0.98,27.15,2018-06-11,2018-06-11,1795.23
2018-06-08,0.0,1.13,27.34,2018-06-08,2018-06-08,1937.47
2018-06-07,0.0,1.1,27.6,2018-06-07,2018-06-07,1935.73
2018-06-06,0.0,1.08,27.78,2018-06-06,2018-06-06,1978.86
2018-06-05,0.0,1.13,27.76,2018-06-05,2018-06-05,2084.92
2018-06-04,0.0,1.08,27.28,2018-06-04,2018-06-04,1916.96
2018-06-01,0.0,1.2,27.25,2018-06-01,2018-06-01,2093.92
2018-05-31,0.0,1.29,27.59,2018-05-31,2018-05-31,2243.18
2018-05-30,0.0,1.45,27.1,2018-05-30,2018-05-30,2466.25
2018-05-29,0.0,1.24,27.88,2018-05-29,2018-05-29,2306.49
2018-05-28,0.0,1.25,28.18,2018-05-28,2018-05-28,2306.13
2018-05-25,0.0,1.28,28.23,2018-05-25,2018-05-25,2328.5
2018-05-24,0.0,1.17,28.49,2018-05-24,2018-05-24,2225.1
2018-05-23,0.0,1.38,28.61,2018-05-23,2018-05-23,2628.64
2018-05-22,0.0,1.33,28.93,2018-05-22,2018-05-22,2532.93
2018-05-21,0.0,1.42,28.83,2018-05-21,2018-05-21,2595.84
2018-05-18,0.0,1.15,28.53,2018-05-18,2018-05-18,2109.82
2018-05-17,0.0,1.12,28.43,2018-05-17,2018-05-17,2080.13
2018-05-16,0.0,1.23,28.58,2018-05-16,2018-05-16,2284.67
2018-05-15,0.0,1.18,28.7,2018-05-15,2018-05-15,2167.21
2018-05-14,0.0,1.27,28.44,2018-05-14,2018-05-14,2361.68
2018-05-11,0.0,1.36,28.46,2018-05-11,2018-05-11,2487.13
2018-05-10,0.0,1.37,28.76,2018-05-10,2018-05-10,2493.93
2018-05-09,0.0,1.28,28.61,2018-05-09,2018-05-09,2312.7
2018-05-08,0.0,1.38,28.64,2018-05-08,2018-05-08,2562.05
2018-05-07,0.0,1.32,28.42,2018-05-07,2018-05-07,2449.74
2018-05-04,0.0,1.14,27.9,2018-05-04,2018-05-04,2129.04
2018-05-03,0.0,1.34,27.98,2018-05-03,2018-05-03,2347.68
2018-05-02,0.0,1.22,27.69,2018-05-02,2018-05-02,2178.13
2018-04-27,0.0,1.26,27.97,2018-04-27,2018-04-27,2343.79
2018-04-26,0.0,1.43,28.06,2018-04-26,2018-04-26,2630.06
2018-04-25,0.0,1.4,29.18,2018-04-25,2018-04-25,2591.69
2018-04-24,0.0,1.47,29.41,2018-04-24,2018-04-24,2598.15
2018-04-23,0.0,1.38,29.26,2018-04-23,2018-04-23,2364.12
2018-04-20,0.0,1.51,29.68,2018-04-20,2018-04-20,2623.87
2018-04-19,0.0,1.57,30.76,2018-04-19,2018-04-19,2877.65
2018-04-18,0.0,1.66,30.58,2018-04-18,2018-04-18,2931.63
2018-04-17,0.0,1.56,30.26,2018-04-17,2018-04-17,2843.13
2018-04-16,0.0,1.45,31.17,2018-04-16,2018-04-16,2601.39
2018-04-13,0.0,1.24,31.47,2018-04-13,2018-04-13,2337.58
2018-04-12,0.0,1.32,31.54,2018-04-12,2018-04-12,2447.93
2018-04-11,0.0,1.47,31.84,2018-04-11,2018-04-11,2714.63
2018-04-10,0.0,1.53,31.81,2018-04-10,2018-04-10,2799.21
2018-04-09,0.0,1.43,31.55,2018-04-09,2018-04-09,2600.85
2018-04-04,0.0,1.48,31.54,2018-04-04,2018-04-04,2788.74
2018-04-03,0.0,1.6,31.78,2018-04-03,2018-04-03,2937.73
2018-04-02,0.0,1.84,32.2,2018-04-02,2018-04-02,3494.86
2018-03-30,0.0,1.61,32.94,2018-03-30,2018-03-30,3019.1
2018-03-29,0.0,1.48,32.68,2018-03-29,2018-03-29,2689.09
2018-03-28,0.0,1.58,32.67,2018-03-28,2018-03-28,2924.1
2018-03-27,0.0,1.73,33.11,2018-03-27,2018-03-27,3154.13
2018-03-26,0.0,1.51,33.11,2018-03-26,2018-03-26,2560.48
2018-03-23,0.0,2.17,32.93,2018-03-23,2018-03-23,3425.31
2018-03-22,0.0,1.36,34.48,2018-03-22,2018-03-22,2403.27
2018-03-21,0.0,1.56,34.58,2018-03-21,2018-03-21,2735.48
2018-03-20,0.0,1.37,34.92,2018-03-20,2018-03-20,2366.06
2018-03-19,0.0,1.28,34.94,2018-03-19,2018-03-19,2278.1
2018-03-16,0.0,1.31,34.94,2018-03-16,2018-03-16,2297.72
2018-03-15,0.0,1.45,35.26,2018-03-15,2018-03-15,2568.55
2018-03-14,0.0,1.52,35.36,2018-03-14,2018-03-14,2632.67
2018-03-13,0.0,1.76,35.71,2018-03-13,2018-03-13,3005.3
2018-03-12,0.0,2.03,36.07,2018-03-12,2018-03-12,3608.24
2018-03-09,0.0,1.81,35.64,2018-03-09,2018-03-09,3103.46
2018-03-08,0.0,1.28,35.16,2018-03-08,2018-03-08,2277.83
2018-03-07,0.0,1.39,34.82,2018-03-07,2018-03-07,2358.05
2018-03-06,0.0,1.6,35.1,2018-03-06,2018-03-06,2751.72
2018-03-05,0.0,1.24,34.86,2018-03-05,2018-03-05,2132.67
2018-03-02,0.0,1.43,34.68,2018-03-02,2018-03-02,2388.47
2018-03-01,0.0,1.47,34.91,2018-03-01,2018-03-01,2476.55
2018-02-28,0.0,1.45,34.5,2018-02-28,2018-02-28,2455.55
2018-02-27,0.0,1.52,34.5,2018-02-27,2018-02-27,2570.99
2018-02-26,0.0,1.55,34.63,2018-02-26,2018-02-26,2545.3
2018-02-23,0.0,1.1,33.87,2018-02-23,2018-02-23,1737.28
2018-02-22,0.0,1.07,33.81,2018-02-22,2018-02-22,1689.01
2018-02-14,0.0,0.79,33.18,2018-02-14,2018-02-14,1225.87
2018-02-13,0.0,1.14,33.03,2018-02-13,2018-02-13,1757.07
2018-02-12,0.0,1.18,33.05,2018-02-12,2018-02-12,1798.91
2018-02-09,0.0,1.57,32.19,2018-02-09,2018-02-09,2226.65
2018-02-08,0.0,1.26,33.27,2018-02-08,2018-02-08,1911.2
2018-02-07,0.0,1.51,32.88,2018-02-07,2018-02-07,2319.56
2018-02-06,0.0,1.6,33.1,2018-02-06,2018-02-06,2418.02
2018-02-05,0.0,1.21,34.64,2018-02-05,2018-02-05,1968.9
2018-02-02,0.0,1.47,34.97,2018-02-02,2018-02-02,2275.76
2018-02-01,0.0,1.75,34.94,2018-02-01,2018-02-01,2751.1
2018-01-31,0.0,1.52,36.02,2018-01-31,2018-01-31,2529.46
2018-01-30,0.0,1.23,36.62,2018-01-30,2018-01-30,2147.42
2018-01-29,0.0,1.56,36.78,2018-01-29,2018-01-29,2713.04
2018-01-26,0.0,1.37,37.35,2018-01-26,2018-01-26,2449.42
2018-01-25,0.0,1.66,37.39,2018-01-25,2018-01-25,2940.53
2018-01-24,0.0,1.63,37.53,2018-01-24,2018-01-24,2940.5
2018-01-23,0.0,1.36,37.34,2018-01-23,2018-01-23,2404.39
2018-01-22,0.0,1.41,37.19,2018-01-22,2018-01-22,2580.0
2018-01-19,0.0,1.44,36.74,2018-01-19,2018-01-19,2553.13
2018-01-18,0.0,1.21,36.78,2018-01-18,2018-01-18,2179.21
2018-01-17,0.0,1.66,36.73,2018-01-17,2018-01-17,2944.45
2018-01-16,0.0,1.49,36.83,2018-01-16,2018-01-16,2697.52
2018-01-15,0.0,1.75,36.57,2018-01-15,2018-01-15,3003.31
2018-01-12,0.0,1.45,37.24,2018-01-12,2018-01-12,2461.96
2018-01-11,0.0,1.48,37.32,2018-01-11,2018-01-11,2616.21
2018-01-10,0.0,1.53,37.17,2018-01-10,2018-01-10,2630.77
2018-01-09,0.0,1.44,37.29,2018-01-09,2018-01-09,2455.25
2018-01-08,0.0,1.58,37.16,2018-01-08,2018-01-08,2733.32
2018-01-05,0.0,1.47,37.07,2018-01-05,2018-01-05,2523.28
2018-01-04,0.0,1.41,37.04,2018-01-04,2018-01-04,2545.55
2018-01-03,0.0,1.54,36.91,2018-01-03,2018-01-03,2738.35
2018-01-02,0.0,1.28,36.63,2018-01-02,2018-01-02,2185.85
2017-12-29,0.0,1.1,36.21,2017-12-29,2017-12-29,1967.22
2017-12-28,0.0,1.27,35.96,2017-12-28,2017-12-28,2188.07
2017-12-27,0.0,1.23,35.79,2017-12-27,2017-12-27,2137.3
2017-12-26,0.0,1.11,36.03,2017-12-26,2017-12-26,1917.75
2017-12-25,0.0,1.18,35.87,2017-12-25,2017-12-25,2066.87
2017-12-22,0.0,1.02,36.26,2017-12-22,2017-12-22,1861.28
2017-12-21,0.0,1.2,36.32,2017-12-21,2017-12-21,2127.56
2017-12-20,0.0,1.1,36.06,2017-12-20,2017-12-20,1960.81
2017-12-19,0.0,1.03,36.32,2017-12-19,2017-12-19,1832.59
2017-12-18,0.0,1.08,36.01,2017-12-18,2017-12-18,1950.98
2017-12-15,0.0,1.24,36.34,2017-12-15,2017-12-15,2169.05
2017-12-14,0.0,1.16,36.59,2017-12-14,2017-12-14,2084.17
2017-12-13,0.0,1.06,36.6,2017-12-13,2017-12-13,1923.07
2017-12-12,0.0,1.2,36.33,2017-12-12,2017-12-12,2197.16
2017-12-11,0.0,1.26,36.68,2017-12-11,2017-12-11,2307.48
2017-12-08,0.0,1.16,36.14,2017-12-08,2017-12-08,2091.79
2017-12-07,0.0,1.08,35.69,2017-12-07,2017-12-07,1892.87
2017-12-06,0.0,1.26,35.91,2017-12-06,2017-12-06,2155.61
2017-12-05,0.0,1.4,35.67,2017-12-05,2017-12-05,2407.46
2017-12-04,0.0,1.25,36.36,2017-12-04,2017-12-04,2246.68
2017-12-01,0.0,1.18,36.63,2017-12-01,2017-12-01,2132.47
2017-11-30,0.0,1.19,36.34,2017-11-30,2017-11-30,2117.36
2017-11-29,0.0,1.37,36.64,2017-11-29,2017-11-29,2409.19
2017-11-28,0.0,1.15,36.62,2017-11-28,2017-11-28,2059.1
2017-11-27,0.0,1.29,36.13,2017-11-27,2017-11-27,2265.87
2017-11-24,0.0,1.26,36.68,2017-11-24,2017-11-24,2338.97
2017-11-23,0.0,1.55,36.71,2017-11-23,2017-11-23,2857.97
2017-11-22,0.0,1.55,37.81,2017-11-22,2017-11-22,2937.96
2017-11-21,0.0,1.59,37.91,2017-11-21,2017-11-21,2990.12
2017-11-20,0.0,1.44,37.61,2017-11-20,2017-11-20,2626.86
2017-11-17,0.0,1.86,37.27,2017-11-17,2017-11-17,3333.18
2017-11-16,0.0,1.42,38.32,2017-11-16,2017-11-16,2708.88
2017-11-15,0.0,1.41,38.24,2017-11-15,2017-11-15,2859.36
2017-11-14,0.0,1.7,38.63,2017-11-14,2017-11-14,3370.58
2017-11-13,0.0,1.67,39.0,2017-11-13,2017-11-13,3308.44
2017-11-10,0.0,1.61,38.88,2017-11-10,2017-11-10,3148.95
2017-11-09,0.0,1.46,38.67,2017-11-09,2017-11-09,2787.77
2017-11-08,0.0,1.64,38.37,2017-11-08,2017-11-08,3169.93
2017-11-07,0.0,1.52,38.35,2017-11-07,2017-11-07,2849.55
2017-11-06,0.0,1.41,38.09,2017-11-06,2017-11-06,2626.89
2017-11-03,0.0,1.41,37.63,2017-11-03,2017-11-03,2587.73
2017-11-02,0.0,1.42,37.89,2017-11-02,2017-11-02,2614.66
2017-11-01,0.0,1.29,38.13,2017-11-01,2017-11-01,2511.09
2017-10-31,0.0,1.23,38.1,2017-10-31,2017-10-31,2341.04
2017-10-30,0.0,1.75,37.83,2017-10-30,2017-10-30,3053.79
2017-10-27,0.0,1.39,38.49,2017-10-27,2017-10-27,2519.97
2017-10-26,0.0,1.45,38.61,2017-10-26,2017-10-26,2753.93
2017-10-25,0.0,1.27,38.52,2017-10-25,2017-10-25,2305.14
2017-10-24,0.0,1.23,38.22,2017-10-24,2017-10-24,2291.83
2017-10-23,0.0,1.22,38.25,2017-10-23,2017-10-23,2197.3
2017-10-20,0.0,1.14,37.99,2017-10-20,2017-10-20,2088.0
2017-10-19,0.0,1.44,37.68,2017-10-19,2017-10-19,2462.82
2017-10-18,0.0,1.41,37.97,2017-10-18,2017-10-18,2483.91
2017-10-17,0.0,1.24,38.1,2017-10-17,2017-10-17,2275.87
2017-10-16,0.0,1.87,38.05,2017-10-16,2017-10-16,3269.07
2017-10-13,0.0,1.54,38.64,2017-10-13,2017-10-13,2786.38
2017-10-12,0.0,1.57,38.38,2017-10-12,2017-10-12,2805.04
2017-10-11,0.0,1.82,38.44,2017-10-11,2017-10-11,3378.68
2017-10-10,0.0,1.7,38.5,2017-10-10,2017-10-10,3116.13
2017-10-09,0.0,1.72,38.19,2017-10-09,2017-10-09,3112.86
2017-09-29,0.0,1.45,37.71,2017-09-29,2017-09-29,2599.16
2017-09-28,0.0,1.46,37.44,2017-09-28,2017-09-28,2606.66
2017-09-27,0.0,1.37,37.52,2017-09-27,2017-09-27,2542.5
2017-09-26,0.0,1.34,37.24,2017-09-26,2017-09-26,2435.86
2017-09-25,0.0,1.48,37.24,2017-09-25,2017-09-25,2682.48
2017-09-22,0.0,1.56,37.7,2017-09-22,2017-09-22,2826.52
2017-09-21,0.0,1.78,37.84,2017-09-21,2017-09-21,3224.51
2017-09-20,0.0,1.79,38.15,2017-09-20,2017-09-20,3179.85
2017-09-19,0.0,1.74,37.82,2017-09-19,2017-09-19,3060.53
2017-09-18,0.0,1.68,37.95,2017-09-18,2017-09-18,2890.7
2017-09-15,0.0,1.86,37.67,2017-09-15,2017-09-15,3153.57
2017-09-14,0.0,1.95,37.77,2017-09-14,2017-09-14,3313.49
2017-09-13,0.0,1.78,37.79,2017-09-13,2017-09-13,3107.26
2017-09-12,0.0,2.43,37.62,2017-09-12,2017-09-12,4324.63
2017-09-11,0.0,1.86,37.72,2017-09-11,2017-09-11,3333.06
2017-09-08,0.0,1.8,37.4,2017-09-08,2017-09-08,3194.36
2017-09-07,0.0,2.06,37.35,2017-09-07,2017-09-07,3656.99
2017-09-06,0.0,1.93,37.45,2017-09-06,2017-09-06,3416.63
2017-09-05,0.0,1.83,37.32,2017-09-05,2017-09-05,3177.2
2017-09-04,0.0,2.06,37.24,2017-09-04,2017-09-04,3508.48
2017-09-01,0.0,1.92,37.01,2017-09-01,2017-09-01,3286.77
2017-08-31,0.0,1.59,36.79,2017-08-31,2017-08-31,2783.35
2017-08-30,0.0,1.69,36.67,2017-08-30,2017-08-30,2841.07
2017-08-29,0.0,1.7,36.54,2017-08-29,2017-08-29,2974.26
2017-08-28,0.0,1.89,36.62,2017-08-28,2017-08-28,3360.89
2017-08-25,0.0,1.43,36.11,2017-08-25,2017-08-25,2402.83
2017-08-24,0.0,1.33,35.73,2017-08-24,2017-08-24,2221.15
2017-08-23,0.0,1.4,35.95,2017-08-23,2017-08-23,2269.56
2017-08-22,0.0,1.57,36.04,2017-08-22,2017-08-22,2629.83
2017-08-21,0.0,1.53,36.19,2017-08-21,2017-08-21,2463.07
2017-08-18,0.0,1.63,35.91,2017-08-18,2017-08-18,2622.66
2017-08-17,0.0,1.84,36.03,2017-08-17,2017-08-17,2973.23
2017-08-16,0.0,1.77,35.83,2017-08-16,2017-08-16,2917.04
2017-08-15,0.0,1.55,35.62,2017-08-15,2017-08-15,2509.75
2017-08-14,0.0,1.65,35.47,2017-08-14,2017-08-14,2633.34
2017-08-11,0.0,1.82,34.76,2017-08-11,2017-08-11,2696.8
2017-08-10,0.0,1.79,35.29,2017-08-10,2017-08-10,2726.14
2017-08-09,0.0,1.74,35.53,2017-08-09,2017-08-09,2596.44
2017-08-08,0.0,1.87,35.41,2017-08-08,2017-08-08,2716.42
2017-08-07,0.0,1.58,35.27,2017-08-07,2017-08-07,2280.66
2017-08-04,0.0,1.94,35.01,2017-08-04,2017-08-04,2817.57
2017-08-03,0.0,1.83,35.22,2017-08-03,2017-08-03,2794.61
2017-08-02,0.0,2.02,35.22,2017-08-02,2017-08-02,3056.69
2017-08-01,0.0,1.91,35.45,2017-08-01,2017-08-01,2859.29
2017-07-31,0.0,1.94,35.38,2017-07-31,2017-07-31,2871.67
2017-07-28,0.0,1.7,35.18,2017-07-28,2017-07-28,2619.12
2017-07-27,0.0,2.08,35.14,2017-07-27,2017-07-27,3115.56
2017-07-26,0.0,1.59,34.69,2017-07-26,2017-07-26,2326.95
2017-07-25,0.0,1.49,34.8,2017-07-25,2017-07-25,2220.66
2017-07-24,0.0,1.64,34.9,2017-07-24,2017-07-24,2428.59
2017-07-21,0.0,1.49,34.73,2017-07-21,2017-07-21,2228.81
2017-07-20,0.0,1.71,34.78,2017-07-20,2017-07-20,2592.4
2017-07-19,0.0,1.79,34.61,2017-07-19,2017-07-19,2556.74
2017-07-18,0.0,1.47,34.09,2017-07-18,2017-07-18,2169.69
2017-07-17,0.0,2.05,33.89,2017-07-17,2017-07-17,2954.5
2017-07-14,0.0,1.35,35.4,2017-07-14,2017-07-14,2128.38
2017-07-13,0.0,1.44,35.55,2017-07-13,2017-07-13,2277.36
2017-07-12,0.0,1.58,35.57,2017-07-12,2017-07-12,2482.58
2017-07-11,0.0,1.57,35.62,2017-07-11,2017-07-11,2526.3
2017-07-10,0.0,1.77,35.88,2017-07-10,2017-07-10,2784.93
2017-07-07,0.0,1.63,36.12,2017-07-07,2017-07-07,2649.14
2017-07-06,0.0,1.69,36.05,2017-07-06,2017-07-06,2747.82
2017-07-05,0.0,1.43,36.03,2017-07-05,2017-07-05,2372.23
2017-07-04,0.0,1.36,35.74,2017-07-04,2017-07-04,2234.81
2017-07-03,0.0,1.33,35.9,2017-07-03,2017-07-03,2140.55
2017-06-30,0.0,1.22,35.75,2017-06-30,2017-06-30,1956.26
2017-06-29,0.0,1.27,35.64,2017-06-29,2017-06-29,2059.51
2017-06-28,0.0,1.31,35.48,2017-06-28,2017-06-28,2105.74
2017-06-27,0.0,1.36,35.76,2017-06-27,2017-06-27,2170.27
2017-06-26,0.0,1.51,35.73,2017-06-26,2017-06-26,2395.71
2017-06-23,0.0,1.47,35.25,2017-06-23,2017-06-23,2315.54
2017-06-22,0.0,1.62,35.09,2017-06-22,2017-06-22,2594.32
2017-06-21,0.0,1.41,35.54,2017-06-21,2017-06-21,2262.88
2017-06-20,0.0,1.5,35.38,2017-06-20,2017-06-20,2373.95
2017-06-19,0.0,1.27,35.34,2017-06-19,2017-06-19,1998.0
2017-06-16,0.0,1.35,35.14,2017-06-16,2017-06-16,2149.19
2017-06-15,0.0,1.53,35.23,2017-06-15,2017-06-15,2424.02
2017-06-14,0.0,1.39,34.92,2017-06-14,2017-06-14,2224.77
2017-06-13,0.0,1.33,35.05,2017-06-13,2017-06-13,2093.45
2017-06-12,0.0,1.35,34.62,2017-06-12,2017-06-12,2173.36
2017-06-09,0.0,1.43,35.0,2017-06-09,2017-06-09,2247.4
2017-06-08,0.0,1.59,34.93,2017-06-08,2017-06-08,2484.85
2017-06-07,0.0,1.71,34.88,2017-06-07,2017-06-07,2627.13
2017-06-06,0.0,1.12,34.13,2017-06-06,2017-06-06,1713.33
2017-06-05,0.0,1.18,33.94,2017-06-05,2017-06-05,1796.49
2017-06-02,0.0,1.3,33.71,2017-06-02,2017-06-02,1874.01
2017-06-01,0.0,1.36,33.4,2017-06-01,2017-06-01,2029.62
2017-05-31,0.0,1.37,34.06,2017-05-31,2017-05-31,2121.98
2017-05-26,0.0,1.38,34.08,2017-05-26,2017-05-26,2108.14
2017-05-25,0.0,1.54,34.12,2017-05-25,2017-05-25,2290.14
2017-05-24,0.0,1.29,33.88,2017-05-24,2017-05-24,1927.77
2017-05-23,0.0,1.5,33.7,2017-05-23,2017-05-23,2269.12
2017-05-22,0.0,1.4,34.42,2017-05-22,2017-05-22,2181.76
2017-05-19,0.0,1.28,34.9,2017-05-19,2017-05-19,2062.16
2017-05-18,0.0,1.43,34.95,2017-05-18,2017-05-18,2339.02
2017-05-17,0.0,1.72,35.17,2017-05-17,2017-05-17,2808.46
2017-05-16,0.0,1.68,35.13,2017-05-16,2017-05-16,2687.83
2017-05-15,0.0,1.2,34.42,2017-05-15,2017-05-15,1944.72
2017-05-12,0.0,1.27,34.29,2017-05-12,2017-05-12,2005.39
2017-05-11,0.0,1.55,34.27,2017-05-11,2017-05-11,2314.26
2017-05-10,0.0,1.4,34.34,2017-05-10,2017-05-10,2235.69
2017-05-09,0.0,1.24,34.82,2017-05-09,2017-05-09,1962.75
2017-05-08,0.0,1.47,34.59,2017-05-08,2017-05-08,2216.78
2017-05-05,0.0,1.48,35.29,2017-05-05,2017-05-05,2372.94
2017-05-04,0.0,1.57,35.73,2017-05-04,2017-05-04,2538.3
2017-05-03,0.0,1.5,35.83,2017-05-03,2017-05-03,2419.02
2017-05-02,0.0,1.42,35.93,2017-05-02,2017-05-02,2268.17
2017-04-28,0.0,1.47,35.87,2017-04-28,2017-04-28,2350.47
2017-04-27,0.0,1.83,36.07,2017-04-27,2017-04-27,2868.03
2017-04-26,0.0,1.48,36.12,2017-04-26,2017-04-26,2352.59
2017-04-25,0.0,1.38,36.45,2017-04-25,2017-04-25,2144.9
2017-04-24,0.0,1.43,36.64,2017-04-24,2017-04-24,2143.93
2017-04-21,0.0,1.3,37.62,2017-04-21,2017-04-21,1995.39
2017-04-20,0.0,1.54,37.8,2017-04-20,2017-04-20,2468.87
2017-04-19,0.0,1.74,37.97,2017-04-19,2017-04-19,2684.09
2017-04-18,0.0,1.61,38.36,2017-04-18,2017-04-18,2568.86
2017-04-17,0.0,1.7,38.37,2017-04-17,2017-04-17,2742.86
2017-04-14,0.0,1.93,38.95,2017-04-14,2017-04-14,2880.34
2017-04-13,0.0,1.81,39.69,2017-04-13,2017-04-13,2708.29
2017-04-12,0.0,2.27,39.54,2017-04-12,2017-04-12,3441.48
2017-04-11,0.0,2.38,39.85,2017-04-11,2017-04-11,3851.03
2017-04-10,0.0,2.13,39.66,2017-04-10,2017-04-10,3473.83
2017-04-07,0.0,1.83,40.25,2017-04-07,2017-04-07,3006.29
2017-04-06,0.0,1.71,40.7,2017-04-06,2017-04-06,2928.41
2017-04-05,0.0,1.8,40.6,2017-04-05,2017-04-05,3040.37
2017-03-31,0.0,1.42,40.02,2017-03-31,2017-03-31,2505.13
2017-03-30,0.0,1.86,40.19,2017-03-30,2017-03-30,3170.09
2017-03-29,0.0,1.65,40.88,2017-03-29,2017-03-29,2969.85
2017-03-28,0.0,1.42,41.4,2017-03-28,2017-03-28,2651.59
2017-03-27,0.0,1.6,42.18,2017-03-27,2017-03-27,2895.52
2017-03-24,0.0,1.66,42.26,2017-03-24,2017-03-24,2980.98
2017-03-23,0.0,1.68,42.05,2017-03-23,2017-03-23,3233.15
2017-03-22,0.0,1.64,42.02,2017-03-22,2017-03-22,3030.55
2017-03-21,0.0,1.44,42.08,2017-03-21,2017-03-21,2793.61
2017-03-20,0.0,1.52,42.13,2017-03-20,2017-03-20,2823.06
2017-03-17,0.0,1.83,42.18,2017-03-17,2017-03-17,3398.21
2017-03-16,0.0,1.67,42.74,2017-03-16,2017-03-16,3072.68
2017-03-15,0.0,1.43,42.41,2017-03-15,2017-03-15,2599.62
2017-03-14,0.0,1.45,42.52,2017-03-14,2017-03-14,2705.48
2017-03-13,0.0,1.49,42.6,2017-03-13,2017-03-13,2693.4
2017-03-10,0.0,1.32,42.54,2017-03-10,2017-03-10,2452.88
2017-03-09,0.0,1.46,42.4,2017-03-09,2017-03-09,2537.02
2017-03-08,0.0,1.44,42.75,2017-03-08,2017-03-08,2594.37
2017-03-07,0.0,1.59,42.97,2017-03-07,2017-03-07,2879.73
2017-03-06,0.0,1.58,42.86,2017-03-06,2017-03-06,2869.52
2017-03-03,0.0,1.47,42.27,2017-03-03,2017-03-03,2582.42
2017-03-02,0.0,1.57,42.16,2017-03-02,2017-03-02,2648.12
2017-03-01,0.0,1.62,42.41,2017-03-01,2017-03-01,2726.98
2017-02-28,0.0,1.39,42.26,2017-02-28,2017-02-28,2353.02
2017-02-27,0.0,1.55,42.02,2017-02-27,2017-02-27,2572.89
2017-02-24,0.0,1.58,42.29,2017-02-24,2017-02-24,2640.36
2017-02-23,0.0,1.78,42.11,2017-02-23,2017-02-23,2826.6
2017-02-22,0.0,1.75,42.05,2017-02-22,2017-02-22,2698.23
2017-02-21,0.0,1.7,41.89,2017-02-21,2017-02-21,2673.57
2017-02-20,0.0,1.62,41.49,2017-02-20,2017-02-20,2502.57
2017-02-17,0.0,1.63,41.19,2017-02-17,2017-02-17,2534.08
2017-02-16,0.0,1.48,41.49,2017-02-16,2017-02-16,2276.12
2017-02-15,0.0,1.67,41.27,2017-02-15,2017-02-15,2640.41
2017-02-14,0.0,1.49,41.62,2017-02-14,2017-02-14,2326.51
2017-02-13,0.0,1.63,41.63,2017-02-13,2017-02-13,2495.75
2017-02-10,0.0,1.7,41.25,2017-02-10,2017-02-10,2538.56
2017-02-09,0.0,1.56,41.36,2017-02-09,2017-02-09,2504.8
2017-02-08,0.0,1.35,41.09,2017-02-08,2017-02-08,2166.28
2017-02-07,0.0,1.26,40.76,2017-02-07,2017-02-07,1999.24
2017-02-06,0.0,1.12,40.78,2017-02-06,2017-02-06,1798.36
2017-02-03,0.0,0.88,40.38,2017-02-03,2017-02-03,1323.2
2017-01-26,0.0,0.93,40.52,2017-01-26,2017-01-26,1454.92
2017-01-25,0.0,1.01,40.24,2017-01-25,2017-01-25,1586.94
2017-01-24,0.0,1.13,40.07,2017-01-24,2017-01-24,1733.0
2017-01-23,0.0,1.2,40.22,2017-01-23,2017-01-23,1857.84
2017-01-20,0.0,1.16,39.56,2017-01-20,2017-01-20,1853.37
2017-01-19,0.0,1.19,38.95,2017-01-19,2017-01-19,1653.1
2017-01-18,0.0,1.09,39.08,2017-01-18,2017-01-18,1762.02
2017-01-17,0.0,1.29,39.23,2017-01-17,2017-01-17,2029.96
2017-01-16,0.0,1.76,38.77,2017-01-16,2017-01-16,2604.55
2017-01-13,0.0,1.33,40.25,2017-01-13,2017-01-13,2112.95
2017-01-12,0.0,1.35,40.87,2017-01-12,2017-01-12,2044.18
2017-01-11,0.0,1.38,41.2,2017-01-11,2017-01-11,2171.3
2017-01-10,0.0,1.45,41.63,2017-01-10,2017-01-10,2244.57
2017-01-09,0.0,1.41,41.74,2017-01-09,2017-01-09,2248.86
2017-01-06,0.0,1.54,41.6,2017-01-06,2017-01-06,2485.84
2017-01-05,0.0,1.57,41.98,2017-01-05,2017-01-05,2520.57
2017-01-04,0.0,1.63,42.05,2017-01-04,2017-01-04,2570.61
2017-01-03,0.0,1.31,41.57,2017-01-03,2017-01-03,2003.48
2016-12-30,0.0,1.21,41.21,2016-12-30,2016-12-30,1941.14
2016-12-29,0.0,1.21,41.14,2016-12-29,2016-12-29,1966.28
2016-12-28,0.0,1.3,41.26,2016-12-28,2016-12-28,2015.1
2016-12-27,0.0,1.28,41.43,2016-12-27,2016-12-27,2050.97
2016-12-26,0.0,1.33,41.33,2016-12-26,2016-12-26,2107.18
2016-12-23,0.0,1.39,41.19,2016-12-23,2016-12-23,2201.21
2016-12-22,0.0,1.38,41.57,2016-12-22,2016-12-22,2145.17
2016-12-21,0.0,1.45,41.61,2016-12-21,2016-12-21,2275.44
2016-12-20,0.0,1.42,41.3,2016-12-20,2016-12-20,2169.53
2016-12-19,0.0,1.48,41.35,2016-12-19,2016-12-19,2284.38
2016-12-16,0.0,1.57,41.51,2016-12-16,2016-12-16,2465.78
2016-12-15,0.0,1.58,41.14,2016-12-15,2016-12-15,2478.36
2016-12-14,0.0,1.61,40.87,2016-12-14,2016-12-14,2529.05
2016-12-13,0.0,1.64,41.21,2016-12-13,2016-12-13,2567.96
2016-12-12,0.0,2.27,41.09,2016-12-12,2016-12-12,3589.5
2016-12-09,0.0,1.55,43.18,2016-12-09,2016-12-09,2627.71
2016-12-08,0.0,1.58,43.33,2016-12-08,2016-12-08,2592.06
2016-12-07,0.0,1.55,43.59,2016-12-07,2016-12-07,2514.79
2016-12-06,0.0,1.44,43.21,2016-12-06,2016-12-06,2444.84
2016-12-05,0.0,1.7,43.16,2016-12-05,2016-12-05,2731.2
2016-12-02,0.0,1.93,43.47,2016-12-02,2016-12-02,3174.04
2016-12-01,0.0,1.76,44.2,2016-12-01,2016-12-01,2998.22
2016-11-30,0.0,1.84,43.94,2016-11-30,2016-11-30,3038.72
2016-11-29,0.0,2.2,43.97,2016-11-29,2016-11-29,3566.76
2016-11-28,0.0,2.09,44.29,2016-11-28,2016-11-28,3455.2
2016-11-25,0.0,2.04,44.34,2016-11-25,2016-11-25,3551.89
2016-11-24,0.0,2.13,44.14,2016-11-24,2016-11-24,3699.03
2016-11-23,0.0,2.28,44.29,2016-11-23,2016-11-23,4050.19
2016-11-22,0.0,2.1,44.45,2016-11-22,2016-11-22,3760.23
2016-11-21,0.0,1.88,44.07,2016-11-21,2016-11-21,3316.23
2016-11-18,0.0,1.86,43.85,2016-11-18,2016-11-18,3114.5
2016-11-17,0.0,1.99,43.93,2016-11-17,2016-11-17,3214.59
2016-11-16,0.0,2.34,44.09,2016-11-16,2016-11-16,3859.35
2016-11-15,0.0,2.25,44.06,2016-11-15,2016-11-15,3660.62
2016-11-14,0.0,2.67,43.85,2016-11-14,2016-11-14,4237.02
2016-11-11,0.0,2.65,43.69,2016-11-11,2016-11-11,4189.9
2016-11-10,0.0,2.27,43.45,2016-11-10,2016-11-10,3707.37
2016-11-09,0.0,2.31,42.85,2016-11-09,2016-11-09,3777.73
2016-11-08,0.0,1.88,43.12,2016-11-08,2016-11-08,3068.9
2016-11-07,0.0,1.93,42.84,2016-11-07,2016-11-07,3028.59
2016-11-04,0.0,1.91,42.85,2016-11-04,2016-11-04,3294.94
2016-11-03,0.0,2.19,42.95,2016-11-03,2016-11-03,3778.36
2016-11-02,0.0,1.95,42.7,2016-11-02,2016-11-02,3282.14
2016-11-01,0.0,1.67,43.0,2016-11-01,2016-11-01,2900.67
2016-10-31,0.0,1.55,42.55,2016-10-31,2016-10-31,2586.83
2016-10-28,0.0,1.8,42.59,2016-10-28,2016-10-28,3008.19
2016-10-27,0.0,1.67,42.9,2016-10-27,2016-10-27,2739.47
2016-10-26,0.0,2.05,42.92,2016-10-26,2016-10-26,3342.24
2016-10-25,0.0,1.94,43.08,2016-10-25,2016-10-25,3200.0
2016-10-24,0.0,1.98,42.94,2016-10-24,2016-10-24,3151.64
2016-10-21,0.0,1.89,42.56,2016-10-21,2016-10-21,3056.54
2016-10-20,0.0,1.85,42.71,2016-10-20,2016-10-20,2997.92
2016-10-19,0.0,1.89,42.55,2016-10-19,2016-10-19,2990.3
2016-10-18,0.0,1.82,42.61,2016-10-18,2016-10-18,2904.03
2016-10-17,0.0,1.81,42.0,2016-10-17,2016-10-17,2856.54
2016-10-14,0.0,1.69,42.41,2016-10-14,2016-10-14,2603.94
2016-10-13,0.0,1.77,42.44,2016-10-13,2016-10-13,2668.42
2016-10-12,0.0,1.72,42.38,2016-10-12,2016-10-12,2669.14
2016-10-11,0.0,1.85,42.31,2016-10-11,2016-10-11,2811.65
2016-10-10,0.0,1.8,42.12,2016-10-10,2016-10-10,2837.17
2016-09-30,0.0,1.22,41.29,2016-09-30,2016-09-30,1868.85
2016-09-29,0.0,1.32,41.09,2016-09-29,2016-09-29,2017.84
2016-09-28,0.0,1.24,40.92,2016-09-28,2016-09-28,1912.22
2016-09-27,0.0,1.44,40.99,2016-09-27,2016-09-27,2188.5
2016-09-26,0.0,1.73,40.56,2016-09-26,2016-09-26,2646.35
2016-09-23,0.0,1.61,41.42,2016-09-23,2016-09-23,2526.27
2016-09-22,0.0,1.65,41.63,2016-09-22,2016-09-22,2609.09
2016-09-21,0.0,1.4,41.35,2016-09-21,2016-09-21,2206.59
2016-09-20,0.0,1.42,41.24,2016-09-20,2016-09-20,2187.85
2016-09-19,0.0,1.37,41.22,2016-09-19,2016-09-19,2137.66
2016-09-14,0.0,1.46,40.77,2016-09-14,2016-09-14,2275.79
2016-09-13,0.0,1.57,40.96,2016-09-13,2016-09-13,2471.33
2016-09-12,0.0,2.09,40.71,2016-09-12,2016-09-12,3197.03
2016-09-09,0.0,1.86,41.88,2016-09-09,2016-09-09,3009.78
2016-09-08,0.0,1.74,42.19,2016-09-08,2016-09-08,2844.46
2016-09-07,0.0,2.22,42.07,2016-09-07,2016-09-07,3553.26
2016-09-06,0.0,2.07,42.14,2016-09-06,2016-09-06,3429.25
2016-09-05,0.0,1.55,41.51,2016-09-05,2016-09-05,2497.2
2016-09-02,0.0,1.58,41.33,2016-09-02,2016-09-02,2627.07
2016-09-01,0.0,1.72,41.5,2016-09-01,2016-09-01,2800.16
2016-08-31,0.0,1.67,41.81,2016-08-31,2016-08-31,2740.08
2016-08-30,0.0,1.59,41.71,2016-08-30,2016-08-30,2607.7
2016-08-29,0.0,1.62,41.67,2016-08-29,2016-08-29,2669.08
2016-08-26,0.0,1.81,41.59,2016-08-26,2016-08-26,3001.39
2016-08-25,0.0,1.93,41.48,2016-08-25,2016-08-25,3113.34
2016-08-24,0.0,1.76,41.7,2016-08-24,2016-08-24,2823.3
2016-08-23,0.0,1.82,41.58,2016-08-23,2016-08-23,2819.35
2016-08-22,0.0,2.06,41.44,2016-08-22,2016-08-22,3276.32
2016-08-19,0.0,2.07,41.95,2016-08-19,2016-08-19,3254.5
2016-08-18,0.0,2.44,41.88,2016-08-18,2016-08-18,3798.47
2016-08-17,0.0,2.31,41.9,2016-08-17,2016-08-17,3772.67
2016-08-16,0.0,2.51,41.77,2016-08-16,2016-08-16,4020.9
2016-08-15,0.0,2.74,41.5,2016-08-15,2016-08-15,4244.96
2016-08-12,0.0,1.65,40.45,2016-08-12,2016-08-12,2491.62
2016-08-11,0.0,1.73,39.98,2016-08-11,2016-08-11,2713.85
2016-08-10,0.0,1.82,40.48,2016-08-10,2016-08-10,2851.65
2016-08-09,0.0,1.79,40.61,2016-08-09,2016-08-09,2765.14
2016-08-08,0.0,1.63,40.18,2016-08-08,2016-08-08,2429.72
2016-08-05,0.0,1.54,39.75,2016-08-05,2016-08-05,2409.92
2016-08-04,0.0,1.62,39.89,2016-08-04,2016-08-04,2534.38
2016-08-03,0.0,1.44,39.6,2016-08-03,2016-08-03,2236.82
2016-08-02,0.0,1.23,39.43,2016-08-02,2016-08-02,1941.55
2016-08-01,0.0,1.65,39.14,2016-08-01,2016-08-01,2556.87
2016-07-29,0.0,1.62,39.72,2016-07-29,2016-07-29,2621.62
2016-07-28,0.0,2.11,39.9,2016-07-28,2016-07-28,3401.96
2016-07-27,0.0,3.08,39.95,2016-07-27,2016-07-27,4910.15
2016-07-26,0.0,1.85,41.81,2016-07-26,2016-07-26,3013.13
2016-07-25,0.0,1.89,41.28,2016-07-25,2016-07-25,3183.32
2016-07-22,0.0,2.06,41.25,2016-07-22,2016-07-22,3459.66
2016-07-21,0.0,2.11,41.64,2016-07-21,2016-07-21,3582.62
2016-07-20,0.0,1.97,41.58,2016-07-20,2016-07-20,3376.2
2016-07-19,0.0,1.97,41.54,2016-07-19,2016-07-19,3327.29
2016-07-18,0.0,2.13,41.41,2016-07-18,2016-07-18,3522.78
2016-07-15,0.0,2.21,41.63,2016-07-15,2016-07-15,3675.12
2016-07-14,0.0,2.32,41.75,2016-07-14,2016-07-14,3819.4
2016-07-13,0.0,2.82,41.67,2016-07-13,2016-07-13,4536.39
2016-07-12,0.0,2.79,41.32,2016-07-12,2016-07-12,4481.67
2016-07-11,0.0,2.6,40.82,2016-07-11,2016-07-11,4300.59
2016-07-08,0.0,2.24,41.06,2016-07-08,2016-07-08,3816.36
2016-07-07,0.0,2.79,41.1,2016-07-07,2016-07-07,4657.47
2016-07-06,0.0,2.48,41.12,2016-07-06,2016-07-06,4194.63
2016-07-05,0.0,2.63,40.95,2016-07-05,2016-07-05,4393.51
2016-07-04,0.0,2.55,40.87,2016-07-04,2016-07-04,4120.14
2016-07-01,0.0,2.06,40.24,2016-07-01,2016-07-01,3491.24
2016-06-30,0.0,2.25,40.32,2016-06-30,2016-06-30,3902.19
2016-06-29,0.0,2.53,40.28,2016-06-29,2016-06-29,4233.25
2016-06-28,0.0,2.71,40.23,2016-06-28,2016-06-28,4565.88
2016-06-27,0.0,2.39,39.76,2016-06-27,2016-06-27,3975.29
2016-06-24,0.0,2.75,38.82,2016-06-24,2016-06-24,4337.99
2016-06-23,0.0,2.23,39.15,2016-06-23,2016-06-23,3620.29
2016-06-22,0.0,2.03,39.24,2016-06-22,2016-06-22,3319.59
2016-06-21,0.0,2.43,38.6,2016-06-21,2016-06-21,3964.44
2016-06-20,0.0,2.09,38.99,2016-06-20,2016-06-20,3388.41
2016-06-17,0.0,2.36,38.79,2016-06-17,2016-06-17,3767.05
2016-06-16,0.0,2.45,38.48,2016-06-16,2016-06-16,3936.83
2016-06-15,0.0,2.43,38.57,2016-06-15,2016-06-15,3795.14
2016-06-14,0.0,1.77,37.39,2016-06-14,2016-06-14,2753.03
2016-06-13,0.0,2.45,37.28,2016-06-13,2016-06-13,3929.2
2016-06-08,0.0,2.19,39.16,2016-06-08,2016-06-08,3704.39
2016-06-07,0.0,2.09,39.25,2016-06-07,2016-06-07,3473.33
2016-06-06,0.0,2.2,39.14,2016-06-06,2016-06-06,3596.12
2016-06-03,0.0,2.64,38.99,2016-06-03,2016-06-03,4359.59
2016-06-02,0.0,2.45,38.76,2016-06-02,2016-06-02,3784.82
2016-06-01,0.0,2.82,38.4,2016-06-01,2016-06-01,4386.47
2016-05-31,0.0,2.73,38.12,2016-05-31,2016-05-31,3985.01
2016-05-30,0.0,1.47,36.61,2016-05-30,2016-05-30,2184.6
2016-05-27,0.0,1.72,36.78,2016-05-27,2016-05-27,2562.09
2016-05-26,0.0,1.79,36.82,2016-05-26,2016-05-26,2655.2
2016-05-25,0.0,1.63,36.64,2016-05-25,2016-05-25,2561.37
2016-05-24,0.0,1.67,36.73,2016-05-24,2016-05-24,2514.17
2016-05-23,0.0,1.82,37.08,2016-05-23,2016-05-23,2804.91
2016-05-20,0.0,1.62,36.55,2016-05-20,2016-05-20,2432.23
2016-05-19,0.0,1.69,36.16,2016-05-19,2016-05-19,2525.01
2016-05-18,0.0,1.92,35.93,2016-05-18,2016-05-18,2676.23
2016-05-17,0.0,1.93,36.87,2016-05-17,2016-05-17,2924.79
2016-05-16,0.0,1.62,36.86,2016-05-16,2016-05-16,2364.92
2016-05-13,0.0,1.56,36.23,2016-05-13,2016-05-13,2246.34
2016-05-12,0.0,1.7,36.34,2016-05-12,2016-05-12,2399.5
2016-05-11,0.0,1.7,36.34,2016-05-11,2016-05-11,2482.93
2016-05-10,0.0,1.52,36.55,2016-05-10,2016-05-10,2200.93
2016-05-09,0.0,2.23,36.57,2016-05-09,2016-05-09,3118.4
2016-05-06,0.0,2.85,37.91,2016-05-06,2016-05-06,4280.32
2016-05-05,0.0,2.01,39.25,2016-05-05,2016-05-05,3123.45
2016-05-04,0.0,2.28,38.97,2016-05-04,2016-05-04,3484.23
2016-05-03,0.0,2.27,38.98,2016-05-03,2016-05-03,3442.43
2016-04-29,0.0,1.58,37.85,2016-04-29,2016-04-29,2386.6
2016-04-28,0.0,1.92,38.03,2016-04-28,2016-04-28,2790.08
2016-04-27,0.0,1.93,38.16,2016-04-27,2016-04-27,2805.98
2016-04-26,0.0,1.72,39.04,2016-04-26,2016-04-26,2490.95
2016-04-25,0.0,1.75,38.67,2016-04-25,2016-04-25,2531.09
2016-04-22,0.0,1.91,38.97,2016-04-22,2016-04-22,2749.74
2016-04-21,0.0,2.4,39.06,2016-04-21,2016-04-21,3364.37
2016-04-20,0.0,3.43,39.55,2016-04-20,2016-04-20,4902.78
2016-04-19,0.0,2.14,41.25,2016-04-19,2016-04-19,3262.89
2016-04-18,0.0,2.35,41.33,2016-04-18,2016-04-18,3492.35
2016-04-15,0.0,2.48,42.85,2016-04-15,2016-04-15,3624.25
2016-04-14,0.0,2.73,42.98,2016-04-14,2016-04-14,3912.0
2016-04-13,0.0,3.52,42.5,2016-04-13,2016-04-13,4945.7
2016-04-12,0.0,2.46,41.94,2016-04-12,2016-04-12,3764.77
2016-04-11,0.0,2.8,42.1,2016-04-11,2016-04-11,4174.86
2016-04-08,0.0,2.5,41.29,2016-04-08,2016-04-08,3783.79
2016-04-07,0.0,3.0,41.67,2016-04-07,2016-04-07,4557.83
2016-04-06,0.0,2.95,42.34,2016-04-06,2016-04-06,4487.56
2016-04-05,0.0,2.97,42.13,2016-04-05,2016-04-05,4384.47
2016-04-01,0.0,2.44,41.06,2016-04-01,2016-04-01,3668.81
2016-03-31,0.0,2.83,41.28,2016-03-31,2016-03-31,4456.59
2016-03-30,0.0,2.63,41.05,2016-03-30,2016-03-30,3952.58
2016-03-29,0.0,2.36,39.8,2016-03-29,2016-03-29,3368.06
2016-03-28,0.0,2.73,41.04,2016-03-28,2016-03-28,3950.37
2016-03-25,0.0,2.38,41.71,2016-03-25,2016-03-25,3537.05
2016-03-24,0.0,3.07,41.52,2016-03-24,2016-03-24,4646.84
2016-03-23,0.0,2.81,42.11,2016-03-23,2016-03-23,4172.94
2016-03-22,0.0,3.17,41.63,2016-03-22,2016-03-22,4486.78
2016-03-21,0.0,3.82,41.8,2016-03-21,2016-03-21,5243.95
2016-03-18,0.0,3.6,41.3,2016-03-18,2016-03-18,4911.36
2016-03-17,0.0,2.64,39.92,2016-03-17,2016-03-17,3603.81
2016-03-16,0.0,1.79,38.55,2016-03-16,2016-03-16,2340.86
2016-03-15,0.0,1.94,39.06,2016-03-15,2016-03-15,2586.71
2016-03-14,0.0,2.34,39.45,2016-03-14,2016-03-14,3023.57
2016-03-11,0.0,1.44,38.33,2016-03-11,2016-03-11,1759.65
2016-03-10,0.0,1.72,38.44,2016-03-10,2016-03-10,2135.52
2016-03-09,0.0,2.06,39.26,2016-03-09,2016-03-09,2502.24
2016-03-08,0.0,2.64,40.1,2016-03-08,2016-03-08,3131.08
2016-03-07,0.0,2.28,39.91,2016-03-07,2016-03-07,2709.5
2016-03-04,0.0,2.96,39.14,2016-03-04,2016-03-04,3469.92
2016-03-03,0.0,3.27,40.32,2016-03-03,2016-03-03,3843.99
2016-03-02,0.0,3.03,40.37,2016-03-02,2016-03-02,3551.53
2016-03-01,0.0,2.36,38.55,2016-03-01,2016-03-01,2807.13
2016-02-29,0.0,2.35,37.61,2016-02-29,2016-02-29,2672.39
2016-02-26,0.0,2.35,39.82,2016-02-26,2016-02-26,2966.34
2016-02-25,0.0,3.05,39.9,2016-02-25,2016-02-25,3952.83
2016-02-24,0.0,2.52,43.12,2016-02-24,2016-02-24,3540.15
2016-02-23,0.0,2.58,43.14,2016-02-23,2016-02-23,3619.11
2016-02-22,0.0,2.66,43.45,2016-02-22,2016-02-22,3641.57
2016-02-19,0.0,2.14,42.57,2016-02-19,2016-02-19,3036.81
2016-02-18,0.0,2.67,42.36,2016-02-18,2016-02-18,3627.09
2016-02-17,0.0,2.6,42.52,2016-02-17,2016-02-17,3461.94
2016-02-16,0.0,2.26,41.88,2016-02-16,2016-02-16,3024.11
2016-02-15,0.0,1.56,40.22,2016-02-15,2016-02-15,2004.81
2016-02-05,0.0,1.67,40.36,2016-02-05,2016-02-05,2183.12
2016-02-04,0.0,2.04,40.89,2016-02-04,2016-02-04,2680.21
2016-02-03,0.0,1.81,40.1,2016-02-03,2016-02-03,2308.71
2016-02-02,0.0,1.91,39.86,2016-02-02,2016-02-02,2453.56
2016-02-01,0.0,1.76,38.53,2016-02-01,2016-02-01,2185.35
2016-01-29,0.0,2.05,38.93,2016-01-29,2016-01-29,2497.5
2016-01-28,0.0,1.9,37.53,2016-01-28,2016-01-28,2324.88
2016-01-27,0.0,2.5,39.17,2016-01-27,2016-01-27,3042.92
2016-01-26,0.0,2.4,39.5,2016-01-26,2016-01-26,3108.32
2016-01-25,0.0,1.86,42.52,2016-01-25,2016-01-25,2600.65
2016-01-22,0.0,2.01,42.04,2016-01-22,2016-01-22,2775.15
2016-01-21,0.0,2.37,41.49,2016-01-21,2016-01-21,3333.36
2016-01-20,0.0,2.6,43.2,2016-01-20,2016-01-20,3626.87
2016-01-19,0.0,2.62,43.63,2016-01-19,2016-01-19,3615.41
2016-01-18,0.0,2.2,42.13,2016-01-18,2016-01-18,3006.29
2016-01-15,0.0,2.5,41.38,2016-01-15,2016-01-15,3321.31
2016-01-14,0.0,2.6,42.78,2016-01-14,2016-01-14,3350.54
2016-01-13,0.0,2.36,41.18,2016-01-13,2016-01-13,3109.88
2016-01-12,0.0,2.47,42.63,2016-01-12,2016-01-12,3275.5
2016-01-11,0.0,2.96,42.42,2016-01-11,2016-01-11,3780.0
2016-01-08,0.0,3.25,45.39,2016-01-08,2016-01-08,4386.84
2016-01-07,0.0,0.81,44.86,2016-01-07,2016-01-07,1079.74
2016-01-06,0.0,2.86,48.88,2016-01-06,2016-01-06,4146.65
2016-01-05,0.0,3.32,47.63,2016-01-05,2016-01-05,4838.44
2016-01-04,0.0,2.32,48.49,2016-01-04,2016-01-04,3552.84
